,Country Code,Year,Median_age
0,AFG,2000,14.1
1,ALB,2000,26.3
2,DZA,2000,20.7
3,ASM,2000,19.6
4,AND,2000,36.6
5,AGO,2000,15.6
6,ATG,2000,27.3
7,ARG,2000,26.8
8,ARM,2000,28.7
9,ABW,2000,33.0
10,AUS,2000,34.4
11,AUT,2000,37.1
12,AZE,2000,24.5
13,BHS,2000,25.7
14,BHR,2000,25.0
15,BGD,2000,19.7
16,BRB,2000,32.4
17,BLR,2000,35.5
18,BEL,2000,37.9
19,BLZ,2000,18.6
20,BEN,2000,16.2
21,BMU,2000,35.8
22,BTN,2000,19.3
23,BOL,2000,19.6
24,BIH,2000,32.9
25,BWA,2000,18.4
26,BRA,2000,24.3
27,VGB,2000,29.8
28,BRN,2000,22.3
29,BGR,2000,38.6
30,BFA,2000,15.4
31,BDI,2000,14.7
32,KHM,2000,18.1
33,CMR,2000,16.0
34,CAN,2000,35.8
35,CPV,2000,17.1
36,CYM,2000,32.1
37,CAF,2000,15.8
38,TCD,2000,14.6
39,CHI,2000,
40,CHL,2000,27.9
41,CHN,2000,28.9
42,COL,2000,23.0
43,COM,2000,15.7
44,COG,2000,17.3
45,CRI,2000,24.5
46,CIV,2000,16.3
47,HRV,2000,37.9
48,CUB,2000,32.1
49,CUW,2000,33.2
50,CYP,2000,30.6
51,CZE,2000,36.4
52,COD,2000,15.8
53,DNK,2000,37.3
54,DJI,2000,19.0
55,DMA,2000,26.6
56,DOM,2000,21.3
57,TLS,2000,17.3
58,ECU,2000,21.1
59,EGY,2000,20.0
60,SLV,2000,20.2
61,GNQ,2000,17.9
62,ERI,2000,16.2
63,EST,2000,37.0
64,SWZ,2000,16.2
65,ETH,2000,15.1
66,FRO,2000,33.8
67,FJI,2000,21.1
68,FIN,2000,38.4
69,FRA,2000,36.8
70,PYF,2000,24.3
71,GAB,2000,18.2
72,GMB,2000,15.9
73,GEO,2000,32.4
74,DEU,2000,39.0
75,GHA,2000,17.1
76,GIB,2000,36.8
77,GRC,2000,37.3
78,GRL,2000,31.2
79,GRD,2000,23.1
80,GUM,2000,26.4
81,GTM,2000,16.7
82,GIN,2000,16.3
83,GNB,2000,16.2
84,GUY,2000,21.2
85,HTI,2000,18.3
86,HIC,2000,35.2
87,HND,2000,17.1
88,HKG,2000,35.1
89,HUN,2000,37.5
90,ISL,2000,31.9
91,IND,2000,21.6
92,IDN,2000,23.7
93,IRN,2000,20.7
94,IRQ,2000,17.0
95,IRL,2000,31.5
96,IMN,2000,38.4
97,ISR,2000,26.7
98,ITA,2000,39.2
99,JAM,2000,22.1
100,JPN,2000,40.7
101,JOR,2000,18.6
102,KAZ,2000,26.7
103,KEN,2000,15.6
104,KIR,2000,18.4
105,XKX,2000,20.8
106,KWT,2000,25.1
107,KGZ,2000,20.9
108,LAO,2000,17.3
109,LCN,2000,23.2
110,LVA,2000,37.0
111,LDC,2000,17.0
112,LBN,2000,23.2
113,LSO,2000,18.5
114,LBR,2000,17.5
115,LBY,2000,21.5
116,LIE,2000,35.3
117,LTU,2000,35.1
118,LIC,2000,16.0
119,LMC,2000,20.8
120,LUX,2000,36.2
121,MAC,2000,31.9
122,MDG,2000,16.3
123,MWI,2000,16.0
124,MYS,2000,22.9
125,MDV,2000,17.8
126,MLI,2000,15.4
127,MLT,2000,35.8
128,MHL,2000,16.0
129,MRT,2000,16.6
130,MUS,2000,27.9
131,MEX,2000,21.8
132,FSM,2000,17.9
133,MDA,2000,31.6
134,MCO,2000,44.6
135,MNG,2000,20.7
136,MNE,2000,32.2
137,MAR,2000,21.3
138,MOZ,2000,16.6
139,MMR,2000,22.9
140,NAM,2000,17.9
141,NRU,2000,19.0
142,NPL,2000,18.4
143,NLD,2000,36.4
144,NCL,2000,25.7
145,NZL,2000,33.3
146,NIC,2000,18.0
147,NER,2000,15.3
148,NGA,2000,17.0
149,PRK,2000,29.1
150,MKD,2000,32.0
151,MNP,2000,24.8
152,NOR,2000,35.8
153,OMN,2000,19.6
154,PAK,2000,17.2
155,PLW,2000,29.1
156,PSE,2000,15.0
157,PAN,2000,23.3
158,PNG,2000,18.5
159,PRY,2000,19.1
160,PER,2000,21.5
161,PHL,2000,20.0
162,POL,2000,34.3
163,PRT,2000,36.7
164,PRI,2000,31.2
165,QAT,2000,28.8
166,ROU,2000,33.6
167,RUS,2000,35.6
168,RWA,2000,15.4
169,KNA,2000,25.6
170,LCA,2000,23.3
171,MAF,2000,28.6
172,VCT,2000,23.0
173,WSM,2000,18.5
174,SMR,2000,38.1
175,STP,2000,16.7
176,SAU,2000,21.2
177,SEN,2000,16.4
178,SRB,2000,38.6
179,SYC,2000,25.2
180,SLE,2000,16.9
181,SGP,2000,33.7
182,SXM,2000,30.5
183,SVK,2000,32.9
184,SVN,2000,36.8
185,SLB,2000,17.3
186,SOM,2000,15.3
187,ZAF,2000,20.9
188,KOR,2000,30.7
189,SSD,2000,15.4
190,ESP,2000,36.4
191,LKA,2000,26.4
192,SDN,2000,16.0
193,SUR,2000,23.2
194,SWE,2000,38.3
195,CHE,2000,37.6
196,SYR,2000,17.8
197,TJK,2000,17.2
198,TZA,2000,16.3
199,THA,2000,30.1
200,TGO,2000,17.2
201,TON,2000,19.3
202,TTO,2000,26.3
203,TUN,2000,23.3
204,TUR,2000,23.6
205,TKM,2000,20.2
206,TCA,2000,27.5
207,TUV,2000,22.8
208,UGA,2000,13.8
209,UKR,2000,36.8
210,ARE,2000,26.1
211,GBR,2000,36.6
212,USA,2000,34.2
213,VIR,2000,32.6
214,UMC,2000,27.7
215,URY,2000,30.9
216,UZB,2000,20.2
217,VUT,2000,17.0
218,VEN,2000,22.1
219,VNM,2000,22.9
220,WLD,2000,25.2
221,YEM,2000,14.2
222,ZMB,2000,14.6
223,ZWE,2000,16.8
224,AFG,2001,14.1
225,ALB,2001,26.8
226,DZA,2001,21.2
227,ASM,2001,19.9
228,AND,2001,36.9
229,AGO,2001,15.6
230,ATG,2001,27.6
231,ARG,2001,26.9
232,ARM,2001,29.1
233,ABW,2001,33.4
234,AUS,2001,34.7
235,AUT,2001,37.5
236,AZE,2001,24.8
237,BHS,2001,26.0
238,BHR,2001,25.5
239,BGD,2001,20.0
240,BRB,2001,32.8
241,BLR,2001,35.9
242,BEL,2001,38.1
243,BLZ,2001,18.8
244,BEN,2001,16.2
245,BMU,2001,36.2
246,BTN,2001,19.6
247,BOL,2001,19.8
248,BIH,2001,33.2
249,BWA,2001,18.7
250,BRA,2001,24.7
251,VGB,2001,30.0
252,BRN,2001,22.5
253,BGR,2001,38.9
254,BFA,2001,15.5
255,BDI,2001,14.9
256,KHM,2001,18.5
257,CMR,2001,16.1
258,CAN,2001,36.2
259,CPV,2001,17.5
260,CYM,2001,32.2
261,CAF,2001,15.8
262,TCD,2001,14.5
263,CHI,2001,
264,CHL,2001,28.3
265,CHN,2001,29.5
266,COL,2001,23.3
267,COM,2001,15.6
268,COG,2001,17.5
269,CRI,2001,24.8
270,CIV,2001,16.2
271,HRV,2001,38.1
272,CUB,2001,32.7
273,CUW,2001,33.7
274,CYP,2001,30.8
275,CZE,2001,36.7
276,COD,2001,15.8
277,DNK,2001,37.5
278,DJI,2001,19.2
279,DMA,2001,27.1
280,DOM,2001,21.6
281,TLS,2001,17.3
282,ECU,2001,21.4
283,EGY,2001,20.2
284,SLV,2001,20.5
285,GNQ,2001,17.7
286,ERI,2001,16.4
287,EST,2001,37.3
288,SWZ,2001,16.4
289,ETH,2001,15.1
290,FRO,2001,34.1
291,FJI,2001,21.4
292,FIN,2001,38.7
293,FRA,2001,37.0
294,PYF,2001,24.6
295,GAB,2001,18.3
296,GMB,2001,15.9
297,GEO,2001,32.6
298,DEU,2001,39.4
299,GHA,2001,17.4
300,GIB,2001,37.2
301,GRC,2001,37.6
302,GRL,2001,31.6
303,GRD,2001,23.3
304,GUM,2001,26.6
305,GTM,2001,16.9
306,GIN,2001,16.1
307,GNB,2001,16.3
308,GUY,2001,21.3
309,HTI,2001,18.4
310,HIC,2001,35.5
311,HND,2001,17.3
312,HKG,2001,35.6
313,HUN,2001,37.6
314,ISL,2001,32.1
315,IND,2001,21.7
316,IDN,2001,24.0
317,IRN,2001,21.3
318,IRQ,2001,17.1
319,IRL,2001,31.7
320,IMN,2001,38.6
321,ISR,2001,26.9
322,ITA,2001,39.6
323,JAM,2001,22.3
324,JPN,2001,41.1
325,JOR,2001,18.7
326,KAZ,2001,26.9
327,KEN,2001,15.8
328,KIR,2001,18.5
329,XKX,2001,21.1
330,KWT,2001,25.4
331,KGZ,2001,21.1
332,LAO,2001,17.5
333,LCN,2001,23.5
334,LVA,2001,37.4
335,LDC,2001,17.1
336,LBN,2001,23.6
337,LSO,2001,18.6
338,LBR,2001,17.6
339,LBY,2001,21.6
340,LIE,2001,35.7
341,LTU,2001,35.5
342,LIC,2001,16.1
343,LMC,2001,21.0
344,LUX,2001,36.2
345,MAC,2001,32.4
346,MDG,2001,16.3
347,MWI,2001,16.0
348,MYS,2001,22.9
349,MDV,2001,18.3
350,MLI,2001,15.5
351,MLT,2001,36.1
352,MHL,2001,16.4
353,MRT,2001,16.7
354,MUS,2001,28.2
355,MEX,2001,22.1
356,FSM,2001,18.2
357,MDA,2001,31.6
358,MCO,2001,44.8
359,MNG,2001,21.1
360,MNE,2001,32.5
361,MAR,2001,21.7
362,MOZ,2001,16.5
363,MMR,2001,23.2
364,NAM,2001,17.9
365,NRU,2001,19.2
366,NPL,2001,18.5
367,NLD,2001,36.8
368,NCL,2001,26.0
369,NZL,2001,33.6
370,NIC,2001,18.3
371,NER,2001,15.2
372,NGA,2001,17.0
373,PRK,2001,29.5
374,MKD,2001,31.9
375,MNP,2001,25.4
376,NOR,2001,36.0
377,OMN,2001,19.9
378,PAK,2001,17.4
379,PLW,2001,29.6
380,PSE,2001,15.1
381,PAN,2001,23.6
382,PNG,2001,18.6
383,PRY,2001,19.3
384,PER,2001,21.8
385,PHL,2001,20.2
386,POL,2001,34.6
387,PRT,2001,37.1
388,PRI,2001,31.6
389,QAT,2001,29.0
390,ROU,2001,33.8
391,RUS,2001,35.8
392,RWA,2001,15.7
393,KNA,2001,26.0
394,LCA,2001,23.8
395,MAF,2001,28.7
396,VCT,2001,23.4
397,WSM,2001,18.4
398,SMR,2001,38.0
399,STP,2001,16.9
400,SAU,2001,21.7
401,SEN,2001,16.5
402,SRB,2001,38.8
403,SYC,2001,25.7
404,SLE,2001,16.8
405,SGP,2001,34.0
406,SXM,2001,30.8
407,SVK,2001,33.2
408,SVN,2001,37.2
409,SLB,2001,17.4
410,SOM,2001,15.2
411,ZAF,2001,21.2
412,KOR,2001,31.2
413,SSD,2001,15.4
414,ESP,2001,36.8
415,LKA,2001,26.7
416,SDN,2001,16.2
417,SUR,2001,23.6
418,SWE,2001,38.5
419,CHE,2001,37.9
420,SYR,2001,18.0
421,TJK,2001,17.4
422,TZA,2001,16.4
423,THA,2001,30.5
424,TGO,2001,17.3
425,TON,2001,19.5
426,TTO,2001,26.7
427,TUN,2001,23.8
428,TUR,2001,23.9
429,TKM,2001,20.4
430,TCA,2001,28.1
431,TUV,2001,22.8
432,UGA,2001,13.8
433,UKR,2001,37.1
434,ARE,2001,26.3
435,GBR,2001,36.8
436,USA,2001,34.4
437,VIR,2001,33.3
438,UMC,2001,28.2
439,URY,2001,31.1
440,UZB,2001,20.5
441,VUT,2001,17.2
442,VEN,2001,22.4
443,VNM,2001,23.4
444,WLD,2001,25.5
445,YEM,2001,14.4
446,ZMB,2001,14.7
447,ZWE,2001,16.9
448,AFG,2002,14.0
449,ALB,2002,27.3
450,DZA,2002,21.7
451,ASM,2002,20.1
452,AND,2002,36.8
453,AGO,2002,15.7
454,ATG,2002,27.9
455,ARG,2002,27.1
456,ARM,2002,29.4
457,ABW,2002,33.9
458,AUS,2002,34.9
459,AUT,2002,37.9
460,AZE,2002,25.2
461,BHS,2002,26.3
462,BHR,2002,26.1
463,BGD,2002,20.2
464,BRB,2002,33.1
465,BLR,2002,36.2
466,BEL,2002,38.4
467,BLZ,2002,19.0
468,BEN,2002,16.3
469,BMU,2002,36.7
470,BTN,2002,19.9
471,BOL,2002,19.9
472,BIH,2002,33.6
473,BWA,2002,18.9
474,BRA,2002,25.0
475,VGB,2002,30.2
476,BRN,2002,22.8
477,BGR,2002,39.2
478,BFA,2002,15.6
479,BDI,2002,15.1
480,KHM,2002,18.8
481,CMR,2002,16.2
482,CAN,2002,36.6
483,CPV,2002,18.0
484,CYM,2002,32.3
485,CAF,2002,15.9
486,TCD,2002,14.4
487,CHI,2002,
488,CHL,2002,28.7
489,CHN,2002,30.1
490,COL,2002,23.6
491,COM,2002,15.5
492,COG,2002,17.5
493,CRI,2002,25.1
494,CIV,2002,16.1
495,HRV,2002,38.4
496,CUB,2002,33.2
497,CUW,2002,34.1
498,CYP,2002,31.0
499,CZE,2002,37.0
500,COD,2002,15.8
501,DNK,2002,37.7
502,DJI,2002,19.5
503,DMA,2002,27.5
504,DOM,2002,21.8
505,TLS,2002,17.2
506,ECU,2002,21.6
507,EGY,2002,20.5
508,SLV,2002,20.8
509,GNQ,2002,17.7
510,ERI,2002,16.6
511,EST,2002,37.6
512,SWZ,2002,16.7
513,ETH,2002,15.1
514,FRO,2002,34.3
515,FJI,2002,21.7
516,FIN,2002,39.0
517,FRA,2002,37.3
518,PYF,2002,25.0
519,GAB,2002,18.5
520,GMB,2002,15.9
521,GEO,2002,32.8
522,DEU,2002,39.9
523,GHA,2002,17.6
524,GIB,2002,37.5
525,GRC,2002,37.9
526,GRL,2002,31.9
527,GRD,2002,23.7
528,GUM,2002,26.8
529,GTM,2002,17.0
530,GIN,2002,15.9
531,GNB,2002,16.4
532,GUY,2002,21.4
533,HTI,2002,18.6
534,HIC,2002,35.8
535,HND,2002,17.5
536,HKG,2002,36.2
537,HUN,2002,37.7
538,ISL,2002,32.4
539,IND,2002,21.9
540,IDN,2002,24.3
541,IRN,2002,21.8
542,IRQ,2002,17.2
543,IRL,2002,31.9
544,IMN,2002,38.9
545,ISR,2002,27.1
546,ITA,2002,39.9
547,JAM,2002,22.6
548,JPN,2002,41.4
549,JOR,2002,18.9
550,KAZ,2002,27.2
551,KEN,2002,16.0
552,KIR,2002,18.5
553,XKX,2002,21.5
554,KWT,2002,25.9
555,KGZ,2002,21.2
556,LAO,2002,17.7
557,LCN,2002,23.8
558,LVA,2002,37.8
559,LDC,2002,17.2
560,LBN,2002,23.9
561,LSO,2002,18.7
562,LBR,2002,17.6
563,LBY,2002,21.8
564,LIE,2002,36.2
565,LTU,2002,36.0
566,LIC,2002,16.1
567,LMC,2002,21.2
568,LUX,2002,36.5
569,MAC,2002,32.7
570,MDG,2002,16.3
571,MWI,2002,16.0
572,MYS,2002,23.0
573,MDV,2002,18.8
574,MLI,2002,15.5
575,MLT,2002,36.5
576,MHL,2002,16.8
577,MRT,2002,16.7
578,MUS,2002,28.5
579,MEX,2002,22.4
580,FSM,2002,18.6
581,MDA,2002,31.6
582,MCO,2002,45.0
583,MNG,2002,21.5
584,MNE,2002,32.8
585,MAR,2002,22.0
586,MOZ,2002,16.4
587,MMR,2002,23.4
588,NAM,2002,18.0
589,NRU,2002,19.3
590,NPL,2002,18.6
591,NLD,2002,37.1
592,NCL,2002,26.4
593,NZL,2002,33.8
594,NIC,2002,18.6
595,NER,2002,15.1
596,NGA,2002,17.0
597,PRK,2002,30.0
598,MKD,2002,32.0
599,MNP,2002,26.2
600,NOR,2002,36.2
601,OMN,2002,20.3
602,PAK,2002,17.5
603,PLW,2002,30.1
604,PSE,2002,15.3
605,PAN,2002,23.8
606,PNG,2002,18.7
607,PRY,2002,19.5
608,PER,2002,22.1
609,PHL,2002,20.3
610,POL,2002,34.8
611,PRT,2002,37.4
612,PRI,2002,32.0
613,QAT,2002,29.3
614,ROU,2002,34.2
615,RUS,2002,36.0
616,RWA,2002,16.1
617,KNA,2002,26.3
618,LCA,2002,24.3
619,MAF,2002,28.8
620,VCT,2002,23.8
621,WSM,2002,18.5
622,SMR,2002,38.2
623,STP,2002,17.0
624,SAU,2002,22.1
625,SEN,2002,16.6
626,SRB,2002,39.0
627,SYC,2002,26.1
628,SLE,2002,16.8
629,SGP,2002,34.3
630,SXM,2002,31.2
631,SVK,2002,33.6
632,SVN,2002,37.6
633,SLB,2002,17.5
634,SOM,2002,15.2
635,ZAF,2002,21.5
636,KOR,2002,31.8
637,SSD,2002,15.5
638,ESP,2002,37.1
639,LKA,2002,27.0
640,SDN,2002,16.3
641,SUR,2002,23.9
642,SWE,2002,38.6
643,CHE,2002,38.2
644,SYR,2002,18.3
645,TJK,2002,17.6
646,TZA,2002,16.4
647,THA,2002,31.0
648,TGO,2002,17.3
649,TON,2002,19.6
650,TTO,2002,27.1
651,TUN,2002,24.3
652,TUR,2002,24.3
653,TKM,2002,20.7
654,TCA,2002,28.5
655,TUV,2002,22.7
656,UGA,2002,13.8
657,UKR,2002,37.4
658,ARE,2002,26.6
659,GBR,2002,37.0
660,USA,2002,34.5
661,VIR,2002,34.0
662,UMC,2002,28.6
663,URY,2002,31.2
664,UZB,2002,20.8
665,VUT,2002,17.4
666,VEN,2002,22.6
667,VNM,2002,23.9
668,WLD,2002,25.7
669,YEM,2002,14.6
670,ZMB,2002,14.8
671,ZWE,2002,17.1
672,AFG,2003,14.0
673,ALB,2003,27.9
674,DZA,2003,22.2
675,ASM,2003,20.4
676,AND,2003,36.8
677,AGO,2003,15.8
678,ATG,2003,28.2
679,ARG,2003,27.3
680,ARM,2003,29.6
681,ABW,2003,34.4
682,AUS,2003,35.1
683,AUT,2003,38.2
684,AZE,2003,25.5
685,BHS,2003,26.6
686,BHR,2003,26.5
687,BGD,2003,20.5
688,BRB,2003,33.4
689,BLR,2003,36.5
690,BEL,2003,38.6
691,BLZ,2003,19.2
692,BEN,2003,16.4
693,BMU,2003,37.2
694,BTN,2003,20.3
695,BOL,2003,20.0
696,BIH,2003,34.0
697,BWA,2003,19.2
698,BRA,2003,25.4
699,VGB,2003,30.5
700,BRN,2003,23.1
701,BGR,2003,39.5
702,BFA,2003,15.8
703,BDI,2003,15.3
704,KHM,2003,19.2
705,CMR,2003,16.3
706,CAN,2003,36.9
707,CPV,2003,18.4
708,CYM,2003,32.5
709,CAF,2003,15.9
710,TCD,2003,14.5
711,CHI,2003,
712,CHL,2003,29.1
713,CHN,2003,30.6
714,COL,2003,23.9
715,COM,2003,15.6
716,COG,2003,17.6
717,CRI,2003,25.4
718,CIV,2003,16.1
719,HRV,2003,38.7
720,CUB,2003,33.7
721,CUW,2003,34.4
722,CYP,2003,31.2
723,CZE,2003,37.3
724,COD,2003,15.7
725,DNK,2003,38.0
726,DJI,2003,19.6
727,DMA,2003,27.9
728,DOM,2003,22.1
729,TLS,2003,17.2
730,ECU,2003,21.8
731,EGY,2003,20.7
732,SLV,2003,21.1
733,GNQ,2003,17.8
734,ERI,2003,16.9
735,EST,2003,37.8
736,SWZ,2003,16.9
737,ETH,2003,15.2
738,FRO,2003,34.6
739,FJI,2003,22.0
740,FIN,2003,39.3
741,FRA,2003,37.5
742,PYF,2003,25.3
743,GAB,2003,18.6
744,GMB,2003,15.9
745,GEO,2003,33.0
746,DEU,2003,40.3
747,GHA,2003,17.9
748,GIB,2003,37.6
749,GRC,2003,38.2
750,GRL,2003,32.2
751,GRD,2003,24.0
752,GUM,2003,27.0
753,GTM,2003,17.1
754,GIN,2003,15.9
755,GNB,2003,16.5
756,GUY,2003,21.6
757,HTI,2003,18.8
758,HIC,2003,36.1
759,HND,2003,17.7
760,HKG,2003,36.7
761,HUN,2003,37.8
762,ISL,2003,32.7
763,IND,2003,22.1
764,IDN,2003,24.6
765,IRN,2003,22.4
766,IRQ,2003,17.3
767,IRL,2003,32.1
768,IMN,2003,39.2
769,ISR,2003,27.3
770,ITA,2003,40.2
771,JAM,2003,22.9
772,JPN,2003,41.8
773,JOR,2003,19.0
774,KAZ,2003,27.4
775,KEN,2003,16.1
776,KIR,2003,18.7
777,XKX,2003,22.0
778,KWT,2003,26.4
779,KGZ,2003,21.4
780,LAO,2003,17.9
781,LCN,2003,24.1
782,LVA,2003,38.2
783,LDC,2003,17.2
784,LBN,2003,24.3
785,LSO,2003,18.9
786,LBR,2003,17.6
787,LBY,2003,22.0
788,LIE,2003,36.6
789,LTU,2003,36.6
790,LIC,2003,16.1
791,LMC,2003,21.4
792,LUX,2003,36.8
793,MAC,2003,32.9
794,MDG,2003,16.4
795,MWI,2003,16.0
796,MYS,2003,23.1
797,MDV,2003,19.3
798,MLI,2003,15.5
799,MLT,2003,36.9
800,MHL,2003,17.3
801,MRT,2003,16.7
802,MUS,2003,28.8
803,MEX,2003,22.7
804,FSM,2003,18.9
805,MDA,2003,31.7
806,MCO,2003,45.1
807,MNG,2003,21.9
808,MNE,2003,33.0
809,MAR,2003,22.4
810,MOZ,2003,16.4
811,MMR,2003,23.7
812,NAM,2003,18.1
813,NRU,2003,19.5
814,NPL,2003,18.7
815,NLD,2003,37.4
816,NCL,2003,26.7
817,NZL,2003,34.0
818,NIC,2003,18.9
819,NER,2003,15.0
820,NGA,2003,17.0
821,PRK,2003,30.4
822,MKD,2003,32.2
823,MNP,2003,26.9
824,NOR,2003,36.4
825,OMN,2003,20.6
826,PAK,2003,17.6
827,PLW,2003,30.5
828,PSE,2003,15.4
829,PAN,2003,24.1
830,PNG,2003,18.8
831,PRY,2003,19.7
832,PER,2003,22.5
833,PHL,2003,20.5
834,POL,2003,35.1
835,PRT,2003,37.7
836,PRI,2003,32.5
837,QAT,2003,29.7
838,ROU,2003,34.7
839,RUS,2003,36.2
840,RWA,2003,16.4
841,KNA,2003,26.7
842,LCA,2003,24.9
843,MAF,2003,28.9
844,VCT,2003,24.3
845,WSM,2003,18.6
846,SMR,2003,38.6
847,STP,2003,17.2
848,SAU,2003,22.6
849,SEN,2003,16.7
850,SRB,2003,39.2
851,SYC,2003,26.6
852,SLE,2003,16.8
853,SGP,2003,34.6
854,SXM,2003,31.6
855,SVK,2003,33.9
856,SVN,2003,38.0
857,SLB,2003,17.6
858,SOM,2003,15.2
859,ZAF,2003,21.7
860,KOR,2003,32.4
861,SSD,2003,15.5
862,ESP,2003,37.3
863,LKA,2003,27.2
864,SDN,2003,16.5
865,SUR,2003,24.3
866,SWE,2003,38.8
867,CHE,2003,38.6
868,SYR,2003,18.5
869,TJK,2003,17.9
870,TZA,2003,16.4
871,THA,2003,31.4
872,TGO,2003,17.4
873,TON,2003,19.7
874,TTO,2003,27.5
875,TUN,2003,24.8
876,TUR,2003,24.6
877,TKM,2003,21.0
878,TCA,2003,28.9
879,TUV,2003,22.7
880,UGA,2003,13.8
881,UKR,2003,37.6
882,ARE,2003,27.1
883,GBR,2003,37.3
884,USA,2003,34.7
885,VIR,2003,34.7
886,UMC,2003,29.1
887,URY,2003,31.4
888,UZB,2003,21.2
889,VUT,2003,17.6
890,VEN,2003,22.9
891,VNM,2003,24.4
892,WLD,2003,25.9
893,YEM,2003,14.8
894,ZMB,2003,14.9
895,ZWE,2003,17.2
896,AFG,2004,14.0
897,ALB,2004,28.4
898,DZA,2004,22.6
899,ASM,2004,20.7
900,AND,2004,36.8
901,AGO,2004,15.8
902,ATG,2004,28.5
903,ARG,2004,27.5
904,ARM,2004,29.9
905,ABW,2004,34.9
906,AUS,2004,35.3
907,AUT,2004,38.6
908,AZE,2004,25.8
909,BHS,2004,26.9
910,BHR,2004,26.6
911,BGD,2004,20.7
912,BRB,2004,33.7
913,BLR,2004,36.7
914,BEL,2004,38.9
915,BLZ,2004,19.4
916,BEN,2004,16.4
917,BMU,2004,37.6
918,BTN,2004,20.7
919,BOL,2004,20.1
920,BIH,2004,34.5
921,BWA,2004,19.5
922,BRA,2004,25.7
923,VGB,2004,30.7
924,BRN,2004,23.5
925,BGR,2004,39.8
926,BFA,2004,15.9
927,BDI,2004,15.5
928,KHM,2004,19.6
929,CMR,2004,16.4
930,CAN,2004,37.3
931,CPV,2004,18.9
932,CYM,2004,32.7
933,CAF,2004,15.9
934,TCD,2004,14.6
935,CHI,2004,
936,CHL,2004,29.5
937,CHN,2004,31.2
938,COL,2004,24.2
939,COM,2004,15.8
940,COG,2004,17.8
941,CRI,2004,25.8
942,CIV,2004,16.1
943,HRV,2004,39.0
944,CUB,2004,34.2
945,CUW,2004,34.8
946,CYP,2004,31.4
947,CZE,2004,37.5
948,COD,2004,15.7
949,DNK,2004,38.2
950,DJI,2004,19.7
951,DMA,2004,28.2
952,DOM,2004,22.3
953,TLS,2004,17.1
954,ECU,2004,22.1
955,EGY,2004,21.0
956,SLV,2004,21.4
957,GNQ,2004,18.0
958,ERI,2004,17.2
959,EST,2004,38.1
960,SWZ,2004,17.1
961,ETH,2004,15.3
962,FRO,2004,34.8
963,FJI,2004,22.3
964,FIN,2004,39.6
965,FRA,2004,37.8
966,PYF,2004,25.7
967,GAB,2004,18.8
968,GMB,2004,15.9
969,GEO,2004,33.3
970,DEU,2004,40.7
971,GHA,2004,18.1
972,GIB,2004,37.8
973,GRC,2004,38.5
974,GRL,2004,32.4
975,GRD,2004,24.3
976,GUM,2004,27.2
977,GTM,2004,17.3
978,GIN,2004,15.9
979,GNB,2004,16.6
980,GUY,2004,21.8
981,HTI,2004,19.0
982,HIC,2004,36.4
983,HND,2004,17.9
984,HKG,2004,37.2
985,HUN,2004,37.8
986,ISL,2004,32.9
987,IND,2004,22.4
988,IDN,2004,24.9
989,IRN,2004,23.0
990,IRQ,2004,17.4
991,IRL,2004,32.3
992,IMN,2004,39.5
993,ISR,2004,27.5
994,ITA,2004,40.5
995,JAM,2004,23.2
996,JPN,2004,42.1
997,JOR,2004,19.2
998,KAZ,2004,27.6
999,KEN,2004,16.3
1000,KIR,2004,18.9
1001,XKX,2004,22.6
1002,KWT,2004,27.0
1003,KGZ,2004,21.6
1004,LAO,2004,18.1
1005,LCN,2004,24.4
1006,LVA,2004,38.5
1007,LDC,2004,17.3
1008,LBN,2004,24.6
1009,LSO,2004,19.0
1010,LBR,2004,17.6
1011,LBY,2004,22.3
1012,LIE,2004,37.0
1013,LTU,2004,37.1
1014,LIC,2004,16.2
1015,LMC,2004,21.6
1016,LUX,2004,37.0
1017,MAC,2004,33.1
1018,MDG,2004,16.4
1019,MWI,2004,15.9
1020,MYS,2004,23.2
1021,MDV,2004,19.9
1022,MLI,2004,15.6
1023,MLT,2004,37.3
1024,MHL,2004,17.7
1025,MRT,2004,16.8
1026,MUS,2004,29.1
1027,MEX,2004,23.0
1028,FSM,2004,19.2
1029,MDA,2004,31.8
1030,MCO,2004,45.3
1031,MNG,2004,22.3
1032,MNE,2004,33.3
1033,MAR,2004,22.7
1034,MOZ,2004,16.3
1035,MMR,2004,23.9
1036,NAM,2004,18.2
1037,NRU,2004,19.6
1038,NPL,2004,18.9
1039,NLD,2004,37.8
1040,NCL,2004,27.0
1041,NZL,2004,34.2
1042,NIC,2004,19.2
1043,NER,2004,14.9
1044,NGA,2004,17.0
1045,PRK,2004,30.9
1046,MKD,2004,32.5
1047,MNP,2004,27.7
1048,NOR,2004,36.7
1049,OMN,2004,21.0
1050,PAK,2004,17.8
1051,PLW,2004,30.9
1052,PSE,2004,15.6
1053,PAN,2004,24.3
1054,PNG,2004,18.9
1055,PRY,2004,20.0
1056,PER,2004,22.8
1057,PHL,2004,20.7
1058,POL,2004,35.4
1059,PRT,2004,38.1
1060,PRI,2004,33.0
1061,QAT,2004,29.9
1062,ROU,2004,35.2
1063,RUS,2004,36.3
1064,RWA,2004,16.6
1065,KNA,2004,27.1
1066,LCA,2004,25.4
1067,MAF,2004,28.9
1068,VCT,2004,24.8
1069,WSM,2004,18.8
1070,SMR,2004,38.9
1071,STP,2004,17.3
1072,SAU,2004,23.0
1073,SEN,2004,16.8
1074,SRB,2004,39.5
1075,SYC,2004,27.0
1076,SLE,2004,16.8
1077,SGP,2004,35.0
1078,SXM,2004,32.0
1079,SVK,2004,34.2
1080,SVN,2004,38.3
1081,SLB,2004,17.7
1082,SOM,2004,15.1
1083,ZAF,2004,22.0
1084,KOR,2004,33.0
1085,SSD,2004,15.6
1086,ESP,2004,37.5
1087,LKA,2004,27.5
1088,SDN,2004,16.6
1089,SUR,2004,24.6
1090,SWE,2004,39.0
1091,CHE,2004,38.9
1092,SYR,2004,18.8
1093,TJK,2004,18.2
1094,TZA,2004,16.4
1095,THA,2004,31.8
1096,TGO,2004,17.5
1097,TON,2004,19.7
1098,TTO,2004,27.8
1099,TUN,2004,25.3
1100,TUR,2004,25.0
1101,TKM,2004,21.3
1102,TCA,2004,29.3
1103,TUV,2004,22.7
1104,UGA,2004,13.8
1105,UKR,2004,37.8
1106,ARE,2004,27.6
1107,GBR,2004,37.5
1108,USA,2004,34.9
1109,VIR,2004,35.5
1110,UMC,2004,29.5
1111,URY,2004,31.6
1112,UZB,2004,21.5
1113,VUT,2004,17.9
1114,VEN,2004,23.2
1115,VNM,2004,24.9
1116,WLD,2004,26.1
1117,YEM,2004,15.0
1118,ZMB,2004,15.0
1119,ZWE,2004,17.3
1120,AFG,2005,14.2
1121,ALB,2005,29.1
1122,DZA,2005,23.1
1123,ASM,2005,21.0
1124,AND,2005,36.8
1125,AGO,2005,15.9
1126,ATG,2005,28.8
1127,ARG,2005,27.7
1128,ARM,2005,30.1
1129,ABW,2005,35.4
1130,AUS,2005,35.5
1131,AUT,2005,38.9
1132,AZE,2005,26.0
1133,BHS,2005,27.2
1134,BHR,2005,26.7
1135,BGD,2005,21.0
1136,BRB,2005,34.0
1137,BLR,2005,37.0
1138,BEL,2005,39.1
1139,BLZ,2005,19.6
1140,BEN,2005,16.5
1141,BMU,2005,38.0
1142,BTN,2005,21.1
1143,BOL,2005,20.3
1144,BIH,2005,35.1
1145,BWA,2005,19.8
1146,BRA,2005,26.1
1147,VGB,2005,31.0
1148,BRN,2005,24.0
1149,BGR,2005,40.0
1150,BFA,2005,16.0
1151,BDI,2005,15.7
1152,KHM,2005,20.0
1153,CMR,2005,16.4
1154,CAN,2005,37.6
1155,CPV,2005,19.4
1156,CYM,2005,32.9
1157,CAF,2005,15.9
1158,TCD,2005,14.7
1159,CHI,2005,
1160,CHL,2005,29.9
1161,CHN,2005,31.7
1162,COL,2005,24.5
1163,COM,2005,16.1
1164,COG,2005,18.0
1165,CRI,2005,26.2
1166,CIV,2005,16.2
1167,HRV,2005,39.3
1168,CUB,2005,34.7
1169,CUW,2005,35.2
1170,CYP,2005,31.6
1171,CZE,2005,37.8
1172,COD,2005,15.7
1173,DNK,2005,38.5
1174,DJI,2005,19.8
1175,DMA,2005,28.6
1176,DOM,2005,22.6
1177,TLS,2005,17.2
1178,ECU,2005,22.4
1179,EGY,2005,21.2
1180,SLV,2005,21.7
1181,GNQ,2005,18.2
1182,ERI,2005,17.2
1183,EST,2005,38.3
1184,SWZ,2005,17.3
1185,ETH,2005,15.4
1186,FRO,2005,35.0
1187,FJI,2005,22.6
1188,FIN,2005,39.9
1189,FRA,2005,38.0
1190,PYF,2005,26.0
1191,GAB,2005,19.0
1192,GMB,2005,15.9
1193,GEO,2005,33.5
1194,DEU,2005,41.2
1195,GHA,2005,18.3
1196,GIB,2005,38.0
1197,GRC,2005,38.8
1198,GRL,2005,32.6
1199,GRD,2005,24.6
1200,GUM,2005,27.4
1201,GTM,2005,17.5
1202,GIN,2005,15.9
1203,GNB,2005,16.7
1204,GUY,2005,22.0
1205,HTI,2005,19.2
1206,HIC,2005,36.7
1207,HND,2005,18.2
1208,HKG,2005,37.8
1209,HUN,2005,37.9
1210,ISL,2005,33.2
1211,IND,2005,22.6
1212,IDN,2005,25.3
1213,IRN,2005,23.6
1214,IRQ,2005,17.5
1215,IRL,2005,32.4
1216,IMN,2005,39.9
1217,ISR,2005,27.7
1218,ITA,2005,40.8
1219,JAM,2005,23.5
1220,JPN,2005,42.4
1221,JOR,2005,19.4
1222,KAZ,2005,27.7
1223,KEN,2005,16.4
1224,KIR,2005,19.0
1225,XKX,2005,23.0
1226,KWT,2005,27.4
1227,KGZ,2005,21.8
1228,LAO,2005,18.4
1229,LCN,2005,24.7
1230,LVA,2005,38.9
1231,LDC,2005,17.4
1232,LBN,2005,25.0
1233,LSO,2005,19.1
1234,LBR,2005,17.5
1235,LBY,2005,22.5
1236,LIE,2005,37.5
1237,LTU,2005,37.6
1238,LIC,2005,16.3
1239,LMC,2005,21.8
1240,LUX,2005,37.2
1241,MAC,2005,33.4
1242,MDG,2005,16.5
1243,MWI,2005,15.9
1244,MYS,2005,23.4
1245,MDV,2005,20.4
1246,MLI,2005,15.5
1247,MLT,2005,37.7
1248,MHL,2005,18.1
1249,MRT,2005,16.8
1250,MUS,2005,29.5
1251,MEX,2005,23.3
1252,FSM,2005,19.5
1253,MDA,2005,32.0
1254,MCO,2005,45.5
1255,MNG,2005,22.7
1256,MNE,2005,33.6
1257,MAR,2005,23.0
1258,MOZ,2005,16.3
1259,MMR,2005,24.2
1260,NAM,2005,18.4
1261,NRU,2005,19.8
1262,NPL,2005,19.1
1263,NLD,2005,38.1
1264,NCL,2005,27.5
1265,NZL,2005,34.5
1266,NIC,2005,19.5
1267,NER,2005,14.8
1268,NGA,2005,17.0
1269,PRK,2005,31.3
1270,MKD,2005,32.9
1271,MNP,2005,28.5
1272,NOR,2005,36.9
1273,OMN,2005,21.4
1274,PAK,2005,17.9
1275,PLW,2005,31.3
1276,PSE,2005,15.8
1277,PAN,2005,24.6
1278,PNG,2005,19.1
1279,PRY,2005,20.4
1280,PER,2005,23.1
1281,PHL,2005,20.8
1282,POL,2005,35.6
1283,PRT,2005,38.5
1284,PRI,2005,33.5
1285,QAT,2005,29.6
1286,ROU,2005,35.8
1287,RUS,2005,36.4
1288,RWA,2005,16.8
1289,KNA,2005,27.5
1290,LCA,2005,26.0
1291,MAF,2005,29.0
1292,VCT,2005,25.3
1293,WSM,2005,18.9
1294,SMR,2005,39.2
1295,STP,2005,17.4
1296,SAU,2005,23.2
1297,SEN,2005,16.9
1298,SRB,2005,39.7
1299,SYC,2005,27.3
1300,SLE,2005,16.9
1301,SGP,2005,35.3
1302,SXM,2005,32.4
1303,SVK,2005,34.5
1304,SVN,2005,38.7
1305,SLB,2005,17.8
1306,SOM,2005,15.1
1307,ZAF,2005,22.3
1308,KOR,2005,33.6
1309,SSD,2005,15.7
1310,ESP,2005,37.7
1311,LKA,2005,27.8
1312,SDN,2005,16.8
1313,SUR,2005,24.7
1314,SWE,2005,39.2
1315,CHE,2005,39.2
1316,SYR,2005,19.0
1317,TJK,2005,18.5
1318,TZA,2005,16.4
1319,THA,2005,32.3
1320,TGO,2005,17.5
1321,TON,2005,19.8
1322,TTO,2005,28.2
1323,TUN,2005,25.7
1324,TUR,2005,25.3
1325,TKM,2005,21.6
1326,TCA,2005,29.8
1327,TUV,2005,22.8
1328,UGA,2005,13.8
1329,UKR,2005,37.9
1330,ARE,2005,27.8
1331,GBR,2005,37.7
1332,USA,2005,35.1
1333,VIR,2005,36.1
1334,UMC,2005,29.9
1335,URY,2005,31.8
1336,UZB,2005,21.8
1337,VUT,2005,18.1
1338,VEN,2005,23.4
1339,VNM,2005,25.4
1340,WLD,2005,26.3
1341,YEM,2005,15.2
1342,ZMB,2005,15.0
1343,ZWE,2005,17.3
1344,AFG,2006,14.3
1345,ALB,2006,29.7
1346,DZA,2006,23.5
1347,ASM,2006,21.2
1348,AND,2006,36.9
1349,AGO,2006,15.9
1350,ATG,2006,29.2
1351,ARG,2006,28.0
1352,ARM,2006,30.3
1353,ABW,2006,35.8
1354,AUS,2006,35.7
1355,AUT,2006,39.3
1356,AZE,2006,26.2
1357,BHS,2006,27.5
1358,BHR,2006,27.0
1359,BGD,2006,21.2
1360,BRB,2006,34.4
1361,BLR,2006,37.2
1362,BEL,2006,39.4
1363,BLZ,2006,19.8
1364,BEN,2006,16.6
1365,BMU,2006,38.4
1366,BTN,2006,21.5
1367,BOL,2006,20.5
1368,BIH,2006,35.6
1369,BWA,2006,20.0
1370,BRA,2006,26.5
1371,VGB,2006,31.3
1372,BRN,2006,24.4
1373,BGR,2006,40.3
1374,BFA,2006,16.0
1375,BDI,2006,15.8
1376,KHM,2006,20.4
1377,CMR,2006,16.5
1378,CAN,2006,37.9
1379,CPV,2006,19.8
1380,CYM,2006,33.2
1381,CAF,2006,15.9
1382,TCD,2006,14.7
1383,CHI,2006,
1384,CHL,2006,30.2
1385,CHN,2006,32.3
1386,COL,2006,24.9
1387,COM,2006,16.4
1388,COG,2006,18.2
1389,CRI,2006,26.6
1390,CIV,2006,16.2
1391,HRV,2006,39.7
1392,CUB,2006,35.2
1393,CUW,2006,35.6
1394,CYP,2006,31.8
1395,CZE,2006,38.0
1396,COD,2006,15.8
1397,DNK,2006,38.8
1398,DJI,2006,19.9
1399,DMA,2006,28.9
1400,DOM,2006,22.8
1401,TLS,2006,17.2
1402,ECU,2006,22.7
1403,EGY,2006,21.5
1404,SLV,2006,21.9
1405,GNQ,2006,18.5
1406,ERI,2006,17.1
1407,EST,2006,38.5
1408,SWZ,2006,17.5
1409,ETH,2006,15.5
1410,FRO,2006,35.3
1411,FJI,2006,22.9
1412,FIN,2006,40.2
1413,FRA,2006,38.2
1414,PYF,2006,26.3
1415,GAB,2006,19.2
1416,GMB,2006,15.9
1417,GEO,2006,33.8
1418,DEU,2006,41.6
1419,GHA,2006,18.5
1420,GIB,2006,38.1
1421,GRC,2006,39.1
1422,GRL,2006,32.7
1423,GRD,2006,25.0
1424,GUM,2006,27.7
1425,GTM,2006,17.7
1426,GIN,2006,16.0
1427,GNB,2006,16.8
1428,GUY,2006,22.2
1429,HTI,2006,19.4
1430,HIC,2006,36.9
1431,HND,2006,18.4
1432,HKG,2006,38.3
1433,HUN,2006,38.1
1434,ISL,2006,33.5
1435,IND,2006,22.9
1436,IDN,2006,25.6
1437,IRN,2006,24.2
1438,IRQ,2006,17.5
1439,IRL,2006,32.4
1440,IMN,2006,40.2
1441,ISR,2006,27.9
1442,ITA,2006,41.2
1443,JAM,2006,23.9
1444,JPN,2006,42.8
1445,JOR,2006,19.6
1446,KAZ,2006,27.8
1447,KEN,2006,16.6
1448,KIR,2006,19.2
1449,XKX,2006,23.5
1450,KWT,2006,27.5
1451,KGZ,2006,22.0
1452,LAO,2006,18.7
1453,LCN,2006,25.0
1454,LVA,2006,39.1
1455,LDC,2006,17.5
1456,LBN,2006,25.4
1457,LSO,2006,19.2
1458,LBR,2006,17.5
1459,LBY,2006,22.8
1460,LIE,2006,37.9
1461,LTU,2006,38.1
1462,LIC,2006,16.3
1463,LMC,2006,22.1
1464,LUX,2006,37.4
1465,MAC,2006,33.7
1466,MDG,2006,16.6
1467,MWI,2006,15.8
1468,MYS,2006,23.7
1469,MDV,2006,21.0
1470,MLI,2006,15.5
1471,MLT,2006,38.1
1472,MHL,2006,18.5
1473,MRT,2006,16.8
1474,MUS,2006,29.8
1475,MEX,2006,23.6
1476,FSM,2006,19.8
1477,MDA,2006,32.2
1478,MCO,2006,45.8
1479,MNG,2006,23.1
1480,MNE,2006,33.9
1481,MAR,2006,23.4
1482,MOZ,2006,16.2
1483,MMR,2006,24.5
1484,NAM,2006,18.6
1485,NRU,2006,20.0
1486,NPL,2006,19.3
1487,NLD,2006,38.4
1488,NCL,2006,27.9
1489,NZL,2006,34.8
1490,NIC,2006,19.7
1491,NER,2006,14.7
1492,NGA,2006,16.9
1493,PRK,2006,31.7
1494,MKD,2006,33.2
1495,MNP,2006,29.3
1496,NOR,2006,37.1
1497,OMN,2006,21.9
1498,PAK,2006,18.1
1499,PLW,2006,31.8
1500,PSE,2006,16.1
1501,PAN,2006,24.9
1502,PNG,2006,19.2
1503,PRY,2006,20.7
1504,PER,2006,23.5
1505,PHL,2006,20.9
1506,POL,2006,35.9
1507,PRT,2006,38.9
1508,PRI,2006,34.0
1509,QAT,2006,29.1
1510,ROU,2006,36.3
1511,RUS,2006,36.5
1512,RWA,2006,17.0
1513,KNA,2006,27.9
1514,LCA,2006,26.5
1515,MAF,2006,29.1
1516,VCT,2006,25.8
1517,WSM,2006,19.0
1518,SMR,2006,39.2
1519,STP,2006,17.5
1520,SAU,2006,23.5
1521,SEN,2006,16.9
1522,SRB,2006,39.9
1523,SYC,2006,27.7
1524,SLE,2006,16.9
1525,SGP,2006,35.6
1526,SXM,2006,32.7
1527,SVK,2006,34.8
1528,SVN,2006,39.1
1529,SLB,2006,17.9
1530,SOM,2006,14.9
1531,ZAF,2006,22.5
1532,KOR,2006,34.2
1533,SSD,2006,16.0
1534,ESP,2006,37.9
1535,LKA,2006,28.0
1536,SDN,2006,17.0
1537,SUR,2006,24.8
1538,SWE,2006,39.3
1539,CHE,2006,39.6
1540,SYR,2006,19.5
1541,TJK,2006,18.8
1542,TZA,2006,16.4
1543,THA,2006,32.7
1544,TGO,2006,17.6
1545,TON,2006,19.8
1546,TTO,2006,28.6
1547,TUN,2006,26.2
1548,TUR,2006,25.7
1549,TKM,2006,21.9
1550,TCA,2006,30.3
1551,TUV,2006,22.8
1552,UGA,2006,13.8
1553,UKR,2006,38.0
1554,ARE,2006,27.1
1555,GBR,2006,37.9
1556,USA,2006,35.3
1557,VIR,2006,36.5
1558,UMC,2006,30.2
1559,URY,2006,32.0
1560,UZB,2006,22.2
1561,VUT,2006,18.3
1562,VEN,2006,23.7
1563,VNM,2006,25.9
1564,WLD,2006,26.5
1565,YEM,2006,15.4
1566,ZMB,2006,15.1
1567,ZWE,2006,17.3
1568,AFG,2007,14.1
1569,ALB,2007,30.4
1570,DZA,2007,23.9
1571,ASM,2007,21.4
1572,AND,2007,37.0
1573,AGO,2007,15.9
1574,ATG,2007,29.5
1575,ARG,2007,28.2
1576,ARM,2007,30.6
1577,ABW,2007,36.2
1578,AUS,2007,35.8
1579,AUT,2007,39.7
1580,AZE,2007,26.4
1581,BHS,2007,27.7
1582,BHR,2007,27.4
1583,BGD,2007,21.4
1584,BRB,2007,34.7
1585,BLR,2007,37.5
1586,BEL,2007,39.5
1587,BLZ,2007,20.1
1588,BEN,2007,16.6
1589,BMU,2007,38.8
1590,BTN,2007,21.8
1591,BOL,2007,20.6
1592,BIH,2007,36.1
1593,BWA,2007,20.3
1594,BRA,2007,26.9
1595,VGB,2007,31.6
1596,BRN,2007,24.9
1597,BGR,2007,40.5
1598,BFA,2007,16.0
1599,BDI,2007,15.9
1600,KHM,2007,20.8
1601,CMR,2007,16.5
1602,CAN,2007,38.1
1603,CPV,2007,20.3
1604,CYM,2007,33.5
1605,CAF,2007,15.8
1606,TCD,2007,14.6
1607,CHI,2007,
1608,CHL,2007,30.6
1609,CHN,2007,32.8
1610,COL,2007,25.3
1611,COM,2007,16.7
1612,COG,2007,18.3
1613,CRI,2007,26.9
1614,CIV,2007,16.3
1615,HRV,2007,40.0
1616,CUB,2007,35.8
1617,CUW,2007,35.9
1618,CYP,2007,32.0
1619,CZE,2007,38.1
1620,COD,2007,15.8
1621,DNK,2007,39.0
1622,DJI,2007,20.2
1623,DMA,2007,29.3
1624,DOM,2007,23.1
1625,TLS,2007,17.3
1626,ECU,2007,22.9
1627,EGY,2007,21.7
1628,SLV,2007,22.1
1629,GNQ,2007,18.7
1630,ERI,2007,17.1
1631,EST,2007,38.7
1632,SWZ,2007,17.7
1633,ETH,2007,15.6
1634,FRO,2007,35.6
1635,FJI,2007,23.3
1636,FIN,2007,40.4
1637,FRA,2007,38.4
1638,PYF,2007,26.5
1639,GAB,2007,19.5
1640,GMB,2007,15.9
1641,GEO,2007,34.0
1642,DEU,2007,42.0
1643,GHA,2007,18.7
1644,GIB,2007,38.2
1645,GRC,2007,39.5
1646,GRL,2007,32.7
1647,GRD,2007,25.4
1648,GUM,2007,27.9
1649,GTM,2007,17.9
1650,GIN,2007,16.0
1651,GNB,2007,16.8
1652,GUY,2007,22.4
1653,HTI,2007,19.7
1654,HIC,2007,37.2
1655,HND,2007,18.7
1656,HKG,2007,38.8
1657,HUN,2007,38.2
1658,ISL,2007,33.6
1659,IND,2007,23.1
1660,IDN,2007,25.8
1661,IRN,2007,24.7
1662,IRQ,2007,17.6
1663,IRL,2007,32.3
1664,IMN,2007,40.5
1665,ISR,2007,28.1
1666,ITA,2007,41.5
1667,JAM,2007,24.2
1668,JPN,2007,43.1
1669,JOR,2007,19.8
1670,KAZ,2007,27.9
1671,KEN,2007,16.7
1672,KIR,2007,19.5
1673,XKX,2007,24.0
1674,KWT,2007,27.7
1675,KGZ,2007,22.1
1676,LAO,2007,19.1
1677,LCN,2007,25.4
1678,LVA,2007,39.4
1679,LDC,2007,17.6
1680,LBN,2007,25.8
1681,LSO,2007,19.4
1682,LBR,2007,17.4
1683,LBY,2007,23.2
1684,LIE,2007,38.4
1685,LTU,2007,38.6
1686,LIC,2007,16.4
1687,LMC,2007,22.3
1688,LUX,2007,37.5
1689,MAC,2007,34.0
1690,MDG,2007,16.7
1691,MWI,2007,15.8
1692,MYS,2007,23.9
1693,MDV,2007,21.6
1694,MLI,2007,15.5
1695,MLT,2007,38.5
1696,MHL,2007,18.8
1697,MRT,2007,16.8
1698,MUS,2007,30.2
1699,MEX,2007,24.0
1700,FSM,2007,20.0
1701,MDA,2007,32.5
1702,MCO,2007,46.2
1703,MNG,2007,23.5
1704,MNE,2007,34.2
1705,MAR,2007,23.8
1706,MOZ,2007,16.2
1707,MMR,2007,24.8
1708,NAM,2007,18.7
1709,NRU,2007,20.2
1710,NPL,2007,19.5
1711,NLD,2007,38.8
1712,NCL,2007,28.3
1713,NZL,2007,35.1
1714,NIC,2007,20.0
1715,NER,2007,14.6
1716,NGA,2007,16.9
1717,PRK,2007,32.0
1718,MKD,2007,33.5
1719,MNP,2007,30.1
1720,NOR,2007,37.3
1721,OMN,2007,22.4
1722,PAK,2007,18.2
1723,PLW,2007,32.2
1724,PSE,2007,16.3
1725,PAN,2007,25.1
1726,PNG,2007,19.3
1727,PRY,2007,21.0
1728,PER,2007,23.8
1729,PHL,2007,21.1
1730,POL,2007,36.2
1731,PRT,2007,39.3
1732,PRI,2007,34.6
1733,QAT,2007,28.9
1734,ROU,2007,36.8
1735,RUS,2007,36.6
1736,RWA,2007,17.2
1737,KNA,2007,28.2
1738,LCA,2007,27.1
1739,MAF,2007,29.2
1740,VCT,2007,26.4
1741,WSM,2007,19.1
1742,SMR,2007,39.5
1743,STP,2007,17.6
1744,SAU,2007,23.8
1745,SEN,2007,17.0
1746,SRB,2007,40.2
1747,SYC,2007,28.1
1748,SLE,2007,16.9
1749,SGP,2007,35.8
1750,SXM,2007,33.1
1751,SVK,2007,35.1
1752,SVN,2007,39.4
1753,SLB,2007,18.0
1754,SOM,2007,14.8
1755,ZAF,2007,22.8
1756,KOR,2007,34.8
1757,SSD,2007,16.4
1758,ESP,2007,38.1
1759,LKA,2007,28.3
1760,SDN,2007,17.2
1761,SUR,2007,25.0
1762,SWE,2007,39.5
1763,CHE,2007,39.9
1764,SYR,2007,20.1
1765,TJK,2007,19.1
1766,TZA,2007,16.4
1767,THA,2007,33.1
1768,TGO,2007,17.7
1769,TON,2007,19.8
1770,TTO,2007,29.0
1771,TUN,2007,26.6
1772,TUR,2007,26.1
1773,TKM,2007,22.2
1774,TCA,2007,30.8
1775,TUV,2007,22.9
1776,UGA,2007,13.8
1777,UKR,2007,38.1
1778,ARE,2007,26.2
1779,GBR,2007,38.0
1780,USA,2007,35.5
1781,VIR,2007,37.0
1782,UMC,2007,30.6
1783,URY,2007,32.2
1784,UZB,2007,22.5
1785,VUT,2007,18.6
1786,VEN,2007,24.0
1787,VNM,2007,26.4
1788,WLD,2007,26.7
1789,YEM,2007,15.7
1790,ZMB,2007,15.2
1791,ZWE,2007,17.3
1792,AFG,2008,14.0
1793,ALB,2008,31.0
1794,DZA,2008,24.3
1795,ASM,2008,21.4
1796,AND,2008,37.1
1797,AGO,2008,15.9
1798,ATG,2008,29.7
1799,ARG,2008,28.4
1800,ARM,2008,30.8
1801,ABW,2008,36.5
1802,AUS,2008,35.8
1803,AUT,2008,40.1
1804,AZE,2008,26.6
1805,BHS,2008,28.0
1806,BHR,2008,27.9
1807,BGD,2008,21.7
1808,BRB,2008,35.0
1809,BLR,2008,37.7
1810,BEL,2008,39.7
1811,BLZ,2008,20.3
1812,BEN,2008,16.7
1813,BMU,2008,39.2
1814,BTN,2008,22.2
1815,BOL,2008,20.8
1816,BIH,2008,36.6
1817,BWA,2008,20.5
1818,BRA,2008,27.3
1819,VGB,2008,31.9
1820,BRN,2008,25.4
1821,BGR,2008,40.6
1822,BFA,2008,16.0
1823,BDI,2008,16.1
1824,KHM,2008,21.2
1825,CMR,2008,16.6
1826,CAN,2008,38.3
1827,CPV,2008,20.8
1828,CYM,2008,33.8
1829,CAF,2008,15.8
1830,TCD,2008,14.6
1831,CHI,2008,
1832,CHL,2008,31.0
1833,CHN,2008,33.2
1834,COL,2008,25.6
1835,COM,2008,16.9
1836,COG,2008,18.4
1837,CRI,2008,27.3
1838,CIV,2008,16.5
1839,HRV,2008,40.3
1840,CUB,2008,36.3
1841,CUW,2008,36.3
1842,CYP,2008,32.3
1843,CZE,2008,38.3
1844,COD,2008,15.7
1845,DNK,2008,39.2
1846,DJI,2008,20.4
1847,DMA,2008,29.6
1848,DOM,2008,23.4
1849,TLS,2008,17.5
1850,ECU,2008,23.2
1851,EGY,2008,21.9
1852,SLV,2008,22.3
1853,GNQ,2008,19.0
1854,ERI,2008,17.2
1855,EST,2008,38.8
1856,SWZ,2008,17.9
1857,ETH,2008,15.8
1858,FRO,2008,35.9
1859,FJI,2008,23.5
1860,FIN,2008,40.7
1861,FRA,2008,38.7
1862,PYF,2008,26.9
1863,GAB,2008,19.7
1864,GMB,2008,15.9
1865,GEO,2008,34.2
1866,DEU,2008,42.4
1867,GHA,2008,18.9
1868,GIB,2008,38.3
1869,GRC,2008,39.8
1870,GRL,2008,32.7
1871,GRD,2008,25.8
1872,GUM,2008,28.1
1873,GTM,2008,18.2
1874,GIN,2008,16.1
1875,GNB,2008,16.9
1876,GUY,2008,22.6
1877,HTI,2008,19.9
1878,HIC,2008,37.4
1879,HND,2008,19.0
1880,HKG,2008,39.2
1881,HUN,2008,38.5
1882,ISL,2008,33.5
1883,IND,2008,23.4
1884,IDN,2008,26.1
1885,IRN,2008,25.3
1886,IRQ,2008,17.7
1887,IRL,2008,32.5
1888,IMN,2008,40.7
1889,ISR,2008,28.2
1890,ITA,2008,41.8
1891,JAM,2008,24.6
1892,JPN,2008,43.5
1893,JOR,2008,20.0
1894,KAZ,2008,28.0
1895,KEN,2008,16.8
1896,KIR,2008,19.7
1897,XKX,2008,24.5
1898,KWT,2008,27.9
1899,KGZ,2008,22.3
1900,LAO,2008,19.4
1901,LCN,2008,25.7
1902,LVA,2008,39.7
1903,LDC,2008,17.7
1904,LBN,2008,26.2
1905,LSO,2008,19.6
1906,LBR,2008,17.4
1907,LBY,2008,23.6
1908,LIE,2008,38.9
1909,LTU,2008,39.0
1910,LIC,2008,16.5
1911,LMC,2008,22.5
1912,LUX,2008,37.7
1913,MAC,2008,34.4
1914,MDG,2008,16.8
1915,MWI,2008,15.7
1916,MYS,2008,24.3
1917,MDV,2008,22.2
1918,MLI,2008,15.4
1919,MLT,2008,38.8
1920,MHL,2008,19.1
1921,MRT,2008,16.9
1922,MUS,2008,30.7
1923,MEX,2008,24.3
1924,FSM,2008,20.2
1925,MDA,2008,32.7
1926,MCO,2008,46.7
1927,MNG,2008,23.8
1928,MNE,2008,34.6
1929,MAR,2008,24.2
1930,MOZ,2008,16.2
1931,MMR,2008,25.1
1932,NAM,2008,18.9
1933,NRU,2008,20.4
1934,NPL,2008,19.7
1935,NLD,2008,39.1
1936,NCL,2008,28.6
1937,NZL,2008,35.4
1938,NIC,2008,20.3
1939,NER,2008,14.5
1940,NGA,2008,16.8
1941,PRK,2008,32.3
1942,MKD,2008,33.8
1943,MNP,2008,30.8
1944,NOR,2008,37.4
1945,OMN,2008,23.0
1946,PAK,2008,18.4
1947,PLW,2008,32.5
1948,PSE,2008,16.6
1949,PAN,2008,25.4
1950,PNG,2008,19.5
1951,PRY,2008,21.3
1952,PER,2008,24.2
1953,PHL,2008,21.3
1954,POL,2008,36.4
1955,PRT,2008,39.7
1956,PRI,2008,35.1
1957,QAT,2008,28.8
1958,ROU,2008,37.3
1959,RUS,2008,36.7
1960,RWA,2008,17.3
1961,KNA,2008,28.6
1962,LCA,2008,27.6
1963,MAF,2008,29.5
1964,VCT,2008,26.9
1965,WSM,2008,19.1
1966,SMR,2008,40.4
1967,STP,2008,17.6
1968,SAU,2008,24.2
1969,SEN,2008,17.0
1970,SRB,2008,40.4
1971,SYC,2008,28.5
1972,SLE,2008,17.0
1973,SGP,2008,36.1
1974,SXM,2008,33.5
1975,SVK,2008,35.5
1976,SVN,2008,39.7
1977,SLB,2008,18.1
1978,SOM,2008,14.7
1979,ZAF,2008,23.0
1980,KOR,2008,35.5
1981,SSD,2008,16.8
1982,ESP,2008,38.3
1983,LKA,2008,28.6
1984,SDN,2008,17.4
1985,SUR,2008,25.2
1986,SWE,2008,39.6
1987,CHE,2008,40.1
1988,SYR,2008,20.5
1989,TJK,2008,19.3
1990,TZA,2008,16.4
1991,THA,2008,33.6
1992,TGO,2008,17.8
1993,TON,2008,20.0
1994,TTO,2008,29.4
1995,TUN,2008,27.0
1996,TUR,2008,26.4
1997,TKM,2008,22.5
1998,TCA,2008,31.4
1999,TUV,2008,23.0
2000,UGA,2008,13.9
2001,UKR,2008,38.1
2002,ARE,2008,25.8
2003,GBR,2008,38.2
2004,USA,2008,35.7
2005,VIR,2008,37.4
2006,UMC,2008,30.9
2007,URY,2008,32.5
2008,UZB,2008,22.8
2009,VUT,2008,18.8
2010,VEN,2008,24.2
2011,VNM,2008,26.9
2012,WLD,2008,26.9
2013,YEM,2008,16.0
2014,ZMB,2008,15.3
2015,ZWE,2008,17.3
2016,AFG,2009,14.3
2017,ALB,2009,31.6
2018,DZA,2009,24.7
2019,ASM,2009,21.4
2020,AND,2009,37.1
2021,AGO,2009,16.0
2022,ATG,2009,30.0
2023,ARG,2009,28.7
2024,ARM,2009,31.0
2025,ABW,2009,36.9
2026,AUS,2009,35.9
2027,AUT,2009,40.4
2028,AZE,2009,26.9
2029,BHS,2009,28.2
2030,BHR,2009,28.5
2031,BGD,2009,21.9
2032,BRB,2009,35.3
2033,BLR,2009,37.9
2034,BEL,2009,39.8
2035,BLZ,2009,20.6
2036,BEN,2009,16.7
2037,BMU,2009,39.5
2038,BTN,2009,22.5
2039,BOL,2009,21.0
2040,BIH,2009,37.0
2041,BWA,2009,20.8
2042,BRA,2009,27.7
2043,VGB,2009,32.2
2044,BRN,2009,25.9
2045,BGR,2009,40.8
2046,BFA,2009,16.0
2047,BDI,2009,16.3
2048,KHM,2009,21.6
2049,CMR,2009,16.7
2050,CAN,2009,38.5
2051,CPV,2009,21.3
2052,CYM,2009,34.1
2053,CAF,2009,15.7
2054,TCD,2009,14.6
2055,CHI,2009,
2056,CHL,2009,31.3
2057,CHN,2009,33.7
2058,COL,2009,26.0
2059,COM,2009,17.2
2060,COG,2009,18.5
2061,CRI,2009,27.7
2062,CIV,2009,16.6
2063,HRV,2009,40.6
2064,CUB,2009,36.8
2065,CUW,2009,36.7
2066,CYP,2009,32.6
2067,CZE,2009,38.5
2068,COD,2009,15.7
2069,DNK,2009,39.4
2070,DJI,2009,20.6
2071,DMA,2009,30.0
2072,DOM,2009,23.7
2073,TLS,2009,17.7
2074,ECU,2009,23.5
2075,EGY,2009,22.2
2076,SLV,2009,22.5
2077,GNQ,2009,19.2
2078,ERI,2009,17.3
2079,EST,2009,39.0
2080,SWZ,2009,18.2
2081,ETH,2009,15.9
2082,FRO,2009,36.3
2083,FJI,2009,23.8
2084,FIN,2009,40.9
2085,FRA,2009,38.9
2086,PYF,2009,27.3
2087,GAB,2009,19.9
2088,GMB,2009,15.9
2089,GEO,2009,34.4
2090,DEU,2009,42.8
2091,GHA,2009,19.1
2092,GIB,2009,38.4
2093,GRC,2009,40.2
2094,GRL,2009,32.6
2095,GRD,2009,26.2
2096,GUM,2009,28.2
2097,GTM,2009,18.5
2098,GIN,2009,16.2
2099,GNB,2009,16.9
2100,GUY,2009,22.8
2101,HTI,2009,20.1
2102,HIC,2009,37.6
2103,HND,2009,19.3
2104,HKG,2009,39.6
2105,HUN,2009,38.7
2106,ISL,2009,33.6
2107,IND,2009,23.7
2108,IDN,2009,26.4
2109,IRN,2009,25.9
2110,IRQ,2009,17.8
2111,IRL,2009,32.8
2112,IMN,2009,40.9
2113,ISR,2009,28.3
2114,ITA,2009,42.1
2115,JAM,2009,25.0
2116,JPN,2009,43.9
2117,JOR,2009,20.2
2118,KAZ,2009,28.0
2119,KEN,2009,16.9
2120,KIR,2009,20.0
2121,XKX,2009,24.9
2122,KWT,2009,28.2
2123,KGZ,2009,22.4
2124,LAO,2009,19.8
2125,LCN,2009,26.0
2126,LVA,2009,40.0
2127,LDC,2009,17.8
2128,LBN,2009,26.7
2129,LSO,2009,19.8
2130,LBR,2009,17.4
2131,LBY,2009,24.0
2132,LIE,2009,39.4
2133,LTU,2009,39.5
2134,LIC,2009,16.5
2135,LMC,2009,22.8
2136,LUX,2009,37.8
2137,MAC,2009,34.7
2138,MDG,2009,16.9
2139,MWI,2009,15.6
2140,MYS,2009,24.6
2141,MDV,2009,22.8
2142,MLI,2009,15.4
2143,MLT,2009,39.0
2144,MHL,2009,19.3
2145,MRT,2009,17.0
2146,MUS,2009,31.1
2147,MEX,2009,24.6
2148,FSM,2009,20.2
2149,MDA,2009,32.9
2150,MCO,2009,47.5
2151,MNG,2009,24.1
2152,MNE,2009,34.9
2153,MAR,2009,24.5
2154,MOZ,2009,16.1
2155,MMR,2009,25.4
2156,NAM,2009,19.1
2157,NRU,2009,20.6
2158,NPL,2009,19.9
2159,NLD,2009,39.5
2160,NCL,2009,29.0
2161,NZL,2009,35.7
2162,NIC,2009,20.6
2163,NER,2009,14.5
2164,NGA,2009,16.8
2165,PRK,2009,32.6
2166,MKD,2009,34.2
2167,MNP,2009,31.5
2168,NOR,2009,37.6
2169,OMN,2009,23.6
2170,PAK,2009,18.6
2171,PLW,2009,32.8
2172,PSE,2009,16.8
2173,PAN,2009,25.7
2174,PNG,2009,19.6
2175,PRY,2009,21.7
2176,PER,2009,24.6
2177,PHL,2009,21.6
2178,POL,2009,36.7
2179,PRT,2009,40.1
2180,PRI,2009,35.6
2181,QAT,2009,29.3
2182,ROU,2009,37.8
2183,RUS,2009,36.8
2184,RWA,2009,17.5
2185,KNA,2009,29.0
2186,LCA,2009,28.2
2187,MAF,2009,29.8
2188,VCT,2009,27.4
2189,WSM,2009,19.1
2190,SMR,2009,41.0
2191,STP,2009,17.7
2192,SAU,2009,24.7
2193,SEN,2009,17.1
2194,SRB,2009,40.6
2195,SYC,2009,28.9
2196,SLE,2009,17.0
2197,SGP,2009,36.4
2198,SXM,2009,33.8
2199,SVK,2009,35.8
2200,SVN,2009,40.0
2201,SLB,2009,18.2
2202,SOM,2009,14.7
2203,ZAF,2009,23.3
2204,KOR,2009,36.0
2205,SSD,2009,17.0
2206,ESP,2009,38.7
2207,LKA,2009,28.9
2208,SDN,2009,17.5
2209,SUR,2009,25.4
2210,SWE,2009,39.7
2211,CHE,2009,40.3
2212,SYR,2009,20.6
2213,TJK,2009,19.6
2214,TZA,2009,16.4
2215,THA,2009,34.0
2216,TGO,2009,17.8
2217,TON,2009,20.1
2218,TTO,2009,29.9
2219,TUN,2009,27.4
2220,TUR,2009,26.8
2221,TKM,2009,22.8
2222,TCA,2009,32.0
2223,TUV,2009,23.1
2224,UGA,2009,14.0
2225,UKR,2009,38.2
2226,ARE,2009,25.8
2227,GBR,2009,38.3
2228,USA,2009,35.9
2229,VIR,2009,37.8
2230,UMC,2009,31.2
2231,URY,2009,32.7
2232,UZB,2009,23.1
2233,VUT,2009,19.1
2234,VEN,2009,24.5
2235,VNM,2009,27.3
2236,WLD,2009,27.1
2237,YEM,2009,16.2
2238,ZMB,2009,15.4
2239,ZWE,2009,17.2
2240,AFG,2010,14.4
2241,ALB,2010,32.3
2242,DZA,2010,25.1
2243,ASM,2010,21.5
2244,AND,2010,37.1
2245,AGO,2010,16.0
2246,ATG,2010,30.2
2247,ARG,2010,28.9
2248,ARM,2010,31.2
2249,ABW,2010,37.2
2250,AUS,2010,36.1
2251,AUT,2010,40.8
2252,AZE,2010,27.2
2253,BHS,2010,28.5
2254,BHR,2010,29.0
2255,BGD,2010,22.2
2256,BRB,2010,35.6
2257,BLR,2010,38.1
2258,BEL,2010,40.0
2259,BLZ,2010,20.9
2260,BEN,2010,16.8
2261,BMU,2010,39.9
2262,BTN,2010,22.9
2263,BOL,2010,21.2
2264,BIH,2010,37.5
2265,BWA,2010,21.1
2266,BRA,2010,28.2
2267,VGB,2010,32.7
2268,BRN,2010,26.4
2269,BGR,2010,41.0
2270,BFA,2010,16.0
2271,BDI,2010,16.5
2272,KHM,2010,22.1
2273,CMR,2010,16.8
2274,CAN,2010,38.7
2275,CPV,2010,21.7
2276,CYM,2010,34.4
2277,CAF,2010,15.7
2278,TCD,2010,14.6
2279,CHI,2010,
2280,CHL,2010,31.6
2281,CHN,2010,34.1
2282,COL,2010,26.4
2283,COM,2010,17.5
2284,COG,2010,18.7
2285,CRI,2010,28.1
2286,CIV,2010,16.7
2287,HRV,2010,40.8
2288,CUB,2010,37.3
2289,CUW,2010,37.2
2290,CYP,2010,32.9
2291,CZE,2010,38.7
2292,COD,2010,15.7
2293,DNK,2010,39.6
2294,DJI,2010,20.8
2295,DMA,2010,30.4
2296,DOM,2010,23.9
2297,TLS,2010,17.9
2298,ECU,2010,23.8
2299,EGY,2010,22.4
2300,SLV,2010,22.7
2301,GNQ,2010,19.4
2302,ERI,2010,17.3
2303,EST,2010,39.3
2304,SWZ,2010,18.4
2305,ETH,2010,16.1
2306,FRO,2010,36.6
2307,FJI,2010,24.0
2308,FIN,2010,41.0
2309,FRA,2010,39.1
2310,PYF,2010,27.7
2311,GAB,2010,20.1
2312,GMB,2010,15.9
2313,GEO,2010,34.6
2314,DEU,2010,43.2
2315,GHA,2010,19.2
2316,GIB,2010,38.5
2317,GRC,2010,40.5
2318,GRL,2010,32.6
2319,GRD,2010,26.7
2320,GUM,2010,28.4
2321,GTM,2010,18.7
2322,GIN,2010,16.3
2323,GNB,2010,17.0
2324,GUY,2010,23.0
2325,HTI,2010,20.4
2326,HIC,2010,37.9
2327,HND,2010,19.6
2328,HKG,2010,40.0
2329,HUN,2010,38.9
2330,ISL,2010,33.9
2331,IND,2010,24.0
2332,IDN,2010,26.7
2333,IRN,2010,26.4
2334,IRQ,2010,18.0
2335,IRL,2010,33.3
2336,IMN,2010,41.2
2337,ISR,2010,28.4
2338,ITA,2010,42.5
2339,JAM,2010,25.4
2340,JPN,2010,44.2
2341,JOR,2010,20.4
2342,KAZ,2010,28.0
2343,KEN,2010,17.0
2344,KIR,2010,20.2
2345,XKX,2010,25.3
2346,KWT,2010,28.6
2347,KGZ,2010,22.6
2348,LAO,2010,20.2
2349,LCN,2010,26.4
2350,LVA,2010,40.3
2351,LDC,2010,17.8
2352,LBN,2010,27.1
2353,LSO,2010,20.0
2354,LBR,2010,17.3
2355,LBY,2010,24.3
2356,LIE,2010,39.9
2357,LTU,2010,40.0
2358,LIC,2010,16.6
2359,LMC,2010,23.0
2360,LUX,2010,38.0
2361,MAC,2010,35.1
2362,MDG,2010,17.0
2363,MWI,2010,15.6
2364,MYS,2010,25.1
2365,MDV,2010,23.4
2366,MLI,2010,15.3
2367,MLT,2010,39.2
2368,MHL,2010,19.5
2369,MRT,2010,17.0
2370,MUS,2010,31.6
2371,MEX,2010,24.9
2372,FSM,2010,20.4
2373,MDA,2010,33.2
2374,MCO,2010,48.4
2375,MNG,2010,24.4
2376,MNE,2010,35.2
2377,MAR,2010,24.9
2378,MOZ,2010,16.0
2379,MMR,2010,25.7
2380,NAM,2010,19.3
2381,NRU,2010,20.7
2382,NPL,2010,20.2
2383,NLD,2010,39.8
2384,NCL,2010,29.3
2385,NZL,2010,35.9
2386,NIC,2010,20.9
2387,NER,2010,14.4
2388,NGA,2010,16.7
2389,PRK,2010,32.9
2390,MKD,2010,34.5
2391,MNP,2010,32.4
2392,NOR,2010,37.7
2393,OMN,2010,24.4
2394,PAK,2010,18.8
2395,PLW,2010,33.2
2396,PSE,2010,17.1
2397,PAN,2010,25.9
2398,PNG,2010,19.8
2399,PRY,2010,22.0
2400,PER,2010,25.0
2401,PHL,2010,21.8
2402,POL,2010,36.9
2403,PRT,2010,40.5
2404,PRI,2010,36.1
2405,QAT,2010,30.0
2406,ROU,2010,38.3
2407,RUS,2010,36.9
2408,RWA,2010,17.6
2409,KNA,2010,29.4
2410,LCA,2010,28.6
2411,MAF,2010,30.2
2412,VCT,2010,28.0
2413,WSM,2010,19.1
2414,SMR,2010,41.4
2415,STP,2010,17.7
2416,SAU,2010,25.3
2417,SEN,2010,17.1
2418,SRB,2010,40.8
2419,SYC,2010,29.2
2420,SLE,2010,17.1
2421,SGP,2010,36.8
2422,SXM,2010,34.2
2423,SVK,2010,36.2
2424,SVN,2010,40.3
2425,SLB,2010,18.2
2426,SOM,2010,14.7
2427,ZAF,2010,23.6
2428,KOR,2010,36.6
2429,SSD,2010,17.4
2430,ESP,2010,39.1
2431,LKA,2010,29.2
2432,SDN,2010,17.5
2433,SUR,2010,25.7
2434,SWE,2010,39.7
2435,CHE,2010,40.5
2436,SYR,2010,20.8
2437,TJK,2010,19.8
2438,TZA,2010,16.4
2439,THA,2010,34.5
2440,TGO,2010,17.9
2441,TON,2010,20.1
2442,TTO,2010,30.3
2443,TUN,2010,27.8
2444,TUR,2010,27.1
2445,TKM,2010,23.1
2446,TCA,2010,32.6
2447,TUV,2010,23.2
2448,UGA,2010,14.0
2449,UKR,2010,38.3
2450,ARE,2010,26.3
2451,GBR,2010,38.5
2452,USA,2010,36.1
2453,VIR,2010,38.4
2454,UMC,2010,31.5
2455,URY,2010,33.0
2456,UZB,2010,23.5
2457,VUT,2010,19.2
2458,VEN,2010,24.8
2459,VNM,2010,27.7
2460,WLD,2010,27.3
2461,YEM,2010,16.5
2462,ZMB,2010,15.5
2463,ZWE,2010,17.1
2464,AFG,2011,14.7
2465,ALB,2011,32.8
2466,DZA,2011,25.4
2467,ASM,2011,21.8
2468,AND,2011,37.4
2469,AGO,2011,16.0
2470,ATG,2011,30.5
2471,ARG,2011,29.1
2472,ARM,2011,31.4
2473,ABW,2011,37.6
2474,AUS,2011,36.2
2475,AUT,2011,41.2
2476,AZE,2011,27.5
2477,BHS,2011,28.9
2478,BHR,2011,29.1
2479,BGD,2011,22.6
2480,BRB,2011,35.9
2481,BLR,2011,38.3
2482,BEL,2011,40.1
2483,BLZ,2011,21.3
2484,BEN,2011,16.9
2485,BMU,2011,40.3
2486,BTN,2011,23.3
2487,BOL,2011,21.5
2488,BIH,2011,37.9
2489,BWA,2011,21.3
2490,BRA,2011,28.6
2491,VGB,2011,33.2
2492,BRN,2011,26.9
2493,BGR,2011,41.3
2494,BFA,2011,15.9
2495,BDI,2011,16.3
2496,KHM,2011,22.5
2497,CMR,2011,16.8
2498,CAN,2011,38.9
2499,CPV,2011,22.1
2500,CYM,2011,34.7
2501,CAF,2011,15.5
2502,TCD,2011,14.6
2503,CHI,2011,
2504,CHL,2011,32.0
2505,CHN,2011,34.5
2506,COL,2011,26.8
2507,COM,2011,17.7
2508,COG,2011,18.6
2509,CRI,2011,28.5
2510,CIV,2011,16.8
2511,HRV,2011,41.1
2512,CUB,2011,37.8
2513,CUW,2011,37.6
2514,CYP,2011,33.2
2515,CZE,2011,38.9
2516,COD,2011,15.7
2517,DNK,2011,39.7
2518,DJI,2011,21.1
2519,DMA,2011,30.6
2520,DOM,2011,24.2
2521,TLS,2011,18.0
2522,ECU,2011,24.1
2523,EGY,2011,22.6
2524,SLV,2011,22.9
2525,GNQ,2011,19.7
2526,ERI,2011,17.4
2527,EST,2011,39.5
2528,SWZ,2011,18.7
2529,ETH,2011,16.3
2530,FRO,2011,37.0
2531,FJI,2011,24.3
2532,FIN,2011,41.2
2533,FRA,2011,39.4
2534,PYF,2011,28.1
2535,GAB,2011,20.3
2536,GMB,2011,15.9
2537,GEO,2011,35.0
2538,DEU,2011,43.6
2539,GHA,2011,19.3
2540,GIB,2011,38.6
2541,GRC,2011,40.9
2542,GRL,2011,32.7
2543,GRD,2011,27.1
2544,GUM,2011,28.5
2545,GTM,2011,19.0
2546,GIN,2011,16.4
2547,GNB,2011,17.0
2548,GUY,2011,23.2
2549,HTI,2011,20.6
2550,HIC,2011,38.2
2551,HND,2011,19.9
2552,HKG,2011,40.4
2553,HUN,2011,39.4
2554,ISL,2011,34.2
2555,IND,2011,24.3
2556,IDN,2011,27.0
2557,IRN,2011,27.0
2558,IRQ,2011,18.1
2559,IRL,2011,33.7
2560,IMN,2011,41.6
2561,ISR,2011,28.5
2562,ITA,2011,42.8
2563,JAM,2011,25.9
2564,JPN,2011,44.5
2565,JOR,2011,20.6
2566,KAZ,2011,28.1
2567,KEN,2011,17.2
2568,KIR,2011,20.4
2569,XKX,2011,25.6
2570,KWT,2011,29.3
2571,KGZ,2011,22.7
2572,LAO,2011,20.6
2573,LCN,2011,26.7
2574,LVA,2011,40.7
2575,LDC,2011,18.0
2576,LBN,2011,27.5
2577,LSO,2011,20.2
2578,LBR,2011,17.5
2579,LBY,2011,24.5
2580,LIE,2011,40.4
2581,LTU,2011,40.4
2582,LIC,2011,16.7
2583,LMC,2011,23.2
2584,LUX,2011,38.0
2585,MAC,2011,35.4
2586,MDG,2011,17.1
2587,MWI,2011,15.5
2588,MYS,2011,25.5
2589,MDV,2011,24.1
2590,MLI,2011,15.2
2591,MLT,2011,39.4
2592,MHL,2011,19.7
2593,MRT,2011,16.9
2594,MUS,2011,32.1
2595,MEX,2011,25.2
2596,FSM,2011,20.6
2597,MDA,2011,33.6
2598,MCO,2011,49.3
2599,MNG,2011,24.7
2600,MNE,2011,35.5
2601,MAR,2011,25.2
2602,MOZ,2011,16.0
2603,MMR,2011,26.0
2604,NAM,2011,19.5
2605,NRU,2011,20.7
2606,NPL,2011,20.4
2607,NLD,2011,40.1
2608,NCL,2011,29.5
2609,NZL,2011,36.1
2610,NIC,2011,21.2
2611,NER,2011,14.4
2612,NGA,2011,16.7
2613,PRK,2011,33.1
2614,MKD,2011,34.8
2615,MNP,2011,33.3
2616,NOR,2011,37.8
2617,OMN,2011,25.3
2618,PAK,2011,19.0
2619,PLW,2011,33.5
2620,PSE,2011,17.3
2621,PAN,2011,26.2
2622,PNG,2011,19.9
2623,PRY,2011,22.4
2624,PER,2011,25.4
2625,PHL,2011,22.1
2626,POL,2011,37.2
2627,PRT,2011,41.0
2628,PRI,2011,36.6
2629,QAT,2011,30.2
2630,ROU,2011,38.7
2631,RUS,2011,37.1
2632,RWA,2011,17.7
2633,KNA,2011,29.8
2634,LCA,2011,29.0
2635,MAF,2011,30.7
2636,VCT,2011,28.5
2637,WSM,2011,19.2
2638,SMR,2011,41.8
2639,STP,2011,17.8
2640,SAU,2011,25.9
2641,SEN,2011,17.1
2642,SRB,2011,41.0
2643,SYC,2011,29.6
2644,SLE,2011,17.2
2645,SGP,2011,37.1
2646,SXM,2011,34.6
2647,SVK,2011,36.6
2648,SVN,2011,40.5
2649,SLB,2011,18.3
2650,SOM,2011,14.8
2651,ZAF,2011,23.9
2652,KOR,2011,37.3
2653,SSD,2011,17.8
2654,ESP,2011,39.5
2655,LKA,2011,29.5
2656,SDN,2011,17.5
2657,SUR,2011,25.9
2658,SWE,2011,39.7
2659,CHE,2011,40.7
2660,SYR,2011,21.0
2661,TJK,2011,20.0
2662,TZA,2011,16.4
2663,THA,2011,34.9
2664,TGO,2011,17.9
2665,TON,2011,20.1
2666,TTO,2011,30.7
2667,TUN,2011,28.2
2668,TUR,2011,27.5
2669,TKM,2011,23.4
2670,TCA,2011,33.3
2671,TUV,2011,23.3
2672,UGA,2011,14.1
2673,UKR,2011,38.5
2674,ARE,2011,26.9
2675,GBR,2011,38.6
2676,USA,2011,36.2
2677,VIR,2011,39.0
2678,UMC,2011,31.8
2679,URY,2011,33.2
2680,UZB,2011,23.8
2681,VUT,2011,19.3
2682,VEN,2011,25.0
2683,VNM,2011,28.1
2684,WLD,2011,27.6
2685,YEM,2011,16.7
2686,ZMB,2011,15.5
2687,ZWE,2011,17.0
2688,AFG,2012,15.0
2689,ALB,2012,33.3
2690,DZA,2012,25.7
2691,ASM,2012,22.1
2692,AND,2012,37.9
2693,AGO,2012,16.0
2694,ATG,2012,30.9
2695,ARG,2012,29.3
2696,ARM,2012,31.6
2697,ABW,2012,38.0
2698,AUS,2012,36.2
2699,AUT,2012,41.5
2700,AZE,2012,27.8
2701,BHS,2012,29.2
2702,BHR,2012,29.4
2703,BGD,2012,22.9
2704,BRB,2012,36.2
2705,BLR,2012,38.4
2706,BEL,2012,40.2
2707,BLZ,2012,21.7
2708,BEN,2012,17.0
2709,BMU,2012,40.8
2710,BTN,2012,23.7
2711,BOL,2012,21.7
2712,BIH,2012,38.3
2713,BWA,2012,21.5
2714,BRA,2012,29.0
2715,VGB,2012,33.7
2716,BRN,2012,27.4
2717,BGR,2012,41.7
2718,BFA,2012,15.9
2719,BDI,2012,16.2
2720,KHM,2012,22.9
2721,CMR,2012,16.9
2722,CAN,2012,39.1
2723,CPV,2012,22.5
2724,CYM,2012,34.9
2725,CAF,2012,15.3
2726,TCD,2012,14.6
2727,CHI,2012,
2728,CHL,2012,32.3
2729,CHN,2012,34.8
2730,COL,2012,27.3
2731,COM,2012,17.9
2732,COG,2012,18.5
2733,CRI,2012,28.9
2734,CIV,2012,16.7
2735,HRV,2012,41.3
2736,CUB,2012,38.3
2737,CUW,2012,37.7
2738,CYP,2012,33.6
2739,CZE,2012,39.2
2740,COD,2012,15.7
2741,DNK,2012,39.9
2742,DJI,2012,21.3
2743,DMA,2012,30.6
2744,DOM,2012,24.4
2745,TLS,2012,18.2
2746,ECU,2012,24.4
2747,EGY,2012,22.8
2748,SLV,2012,23.1
2749,GNQ,2012,19.9
2750,ERI,2012,17.3
2751,EST,2012,39.8
2752,SWZ,2012,18.9
2753,ETH,2012,16.5
2754,FRO,2012,37.4
2755,FJI,2012,24.5
2756,FIN,2012,41.3
2757,FRA,2012,39.6
2758,PYF,2012,28.5
2759,GAB,2012,20.6
2760,GMB,2012,15.9
2761,GEO,2012,35.3
2762,DEU,2012,43.9
2763,GHA,2012,19.4
2764,GIB,2012,38.7
2765,GRC,2012,41.2
2766,GRL,2012,32.8
2767,GRD,2012,27.4
2768,GUM,2012,28.6
2769,GTM,2012,19.3
2770,GIN,2012,16.5
2771,GNB,2012,17.1
2772,GUY,2012,23.5
2773,HTI,2012,20.9
2774,HIC,2012,38.5
2775,HND,2012,20.2
2776,HKG,2012,40.8
2777,HUN,2012,39.9
2778,ISL,2012,34.4
2779,IND,2012,24.6
2780,IDN,2012,27.2
2781,IRN,2012,27.5
2782,IRQ,2012,18.2
2783,IRL,2012,34.2
2784,IMN,2012,42.0
2785,ISR,2012,28.6
2786,ITA,2012,43.2
2787,JAM,2012,26.4
2788,JPN,2012,44.8
2789,JOR,2012,20.8
2790,KAZ,2012,28.2
2791,KEN,2012,17.3
2792,KIR,2012,20.5
2793,XKX,2012,26.0
2794,KWT,2012,30.3
2795,KGZ,2012,22.8
2796,LAO,2012,21.0
2797,LCN,2012,27.1
2798,LVA,2012,41.0
2799,LDC,2012,18.1
2800,LBN,2012,27.8
2801,LSO,2012,20.4
2802,LBR,2012,17.6
2803,LBY,2012,24.5
2804,LIE,2012,40.8
2805,LTU,2012,40.9
2806,LIC,2012,16.7
2807,LMC,2012,23.5
2808,LUX,2012,38.1
2809,MAC,2012,35.6
2810,MDG,2012,17.3
2811,MWI,2012,15.5
2812,MYS,2012,26.0
2813,MDV,2012,24.8
2814,MLI,2012,15.0
2815,MLT,2012,39.4
2816,MHL,2012,20.1
2817,MRT,2012,16.8
2818,MUS,2012,32.6
2819,MEX,2012,25.5
2820,FSM,2012,20.8
2821,MDA,2012,33.9
2822,MCO,2012,50.3
2823,MNG,2012,25.0
2824,MNE,2012,35.7
2825,MAR,2012,25.6
2826,MOZ,2012,16.0
2827,MMR,2012,26.4
2828,NAM,2012,19.8
2829,NRU,2012,20.6
2830,NPL,2012,20.7
2831,NLD,2012,40.4
2832,NCL,2012,29.8
2833,NZL,2012,36.3
2834,NIC,2012,21.5
2835,NER,2012,14.4
2836,NGA,2012,16.7
2837,PRK,2012,33.4
2838,MKD,2012,35.1
2839,MNP,2012,33.8
2840,NOR,2012,37.9
2841,OMN,2012,26.2
2842,PAK,2012,19.1
2843,PLW,2012,33.7
2844,PSE,2012,17.6
2845,PAN,2012,26.5
2846,PNG,2012,20.1
2847,PRY,2012,22.7
2848,PER,2012,25.7
2849,PHL,2012,22.3
2850,POL,2012,37.6
2851,PRT,2012,41.4
2852,PRI,2012,37.3
2853,QAT,2012,29.9
2854,ROU,2012,39.0
2855,RUS,2012,37.2
2856,RWA,2012,17.8
2857,KNA,2012,30.1
2858,LCA,2012,29.4
2859,MAF,2012,31.1
2860,VCT,2012,29.1
2861,WSM,2012,19.3
2862,SMR,2012,42.3
2863,STP,2012,17.8
2864,SAU,2012,26.5
2865,SEN,2012,17.1
2866,SRB,2012,41.2
2867,SYC,2012,30.0
2868,SLE,2012,17.3
2869,SGP,2012,37.5
2870,SXM,2012,37.6
2871,SVK,2012,37.0
2872,SVN,2012,40.8
2873,SLB,2012,18.4
2874,SOM,2012,14.8
2875,ZAF,2012,24.2
2876,KOR,2012,37.9
2877,SSD,2012,18.0
2878,ESP,2012,40.0
2879,LKA,2012,29.8
2880,SDN,2012,17.5
2881,SUR,2012,26.2
2882,SWE,2012,39.8
2883,CHE,2012,40.9
2884,SYR,2012,20.9
2885,TJK,2012,20.2
2886,TZA,2012,16.3
2887,THA,2012,35.3
2888,TGO,2012,18.0
2889,TON,2012,20.2
2890,TTO,2012,31.2
2891,TUN,2012,28.5
2892,TUR,2012,27.8
2893,TKM,2012,23.6
2894,TCA,2012,33.9
2895,TUV,2012,23.4
2896,UGA,2012,14.2
2897,UKR,2012,38.6
2898,ARE,2012,27.5
2899,GBR,2012,38.7
2900,USA,2012,36.3
2901,VIR,2012,39.6
2902,UMC,2012,32.0
2903,URY,2012,33.5
2904,UZB,2012,24.2
2905,VUT,2012,19.3
2906,VEN,2012,25.3
2907,VNM,2012,28.5
2908,WLD,2012,27.8
2909,YEM,2012,17.0
2910,ZMB,2012,15.6
2911,ZWE,2012,17.0
2912,AFG,2013,15.2
2913,ALB,2013,33.8
2914,DZA,2013,26.0
2915,ASM,2013,22.5
2916,AND,2013,38.5
2917,AGO,2013,16.0
2918,ATG,2013,31.3
2919,ARG,2013,29.5
2920,ARM,2013,31.8
2921,ABW,2013,38.4
2922,AUS,2013,36.2
2923,AUT,2013,41.8
2924,AZE,2013,28.1
2925,BHS,2013,29.6
2926,BHR,2013,29.6
2927,BGD,2013,23.3
2928,BRB,2013,36.6
2929,BLR,2013,38.5
2930,BEL,2013,40.3
2931,BLZ,2013,22.1
2932,BEN,2013,17.1
2933,BMU,2013,41.3
2934,BTN,2013,24.1
2935,BOL,2013,22.0
2936,BIH,2013,38.8
2937,BWA,2013,21.7
2938,BRA,2013,29.5
2939,VGB,2013,34.2
2940,BRN,2013,27.9
2941,BGR,2013,42.0
2942,BFA,2013,15.9
2943,BDI,2013,16.1
2944,KHM,2013,23.3
2945,CMR,2013,16.9
2946,CAN,2013,39.3
2947,CPV,2013,22.9
2948,CYM,2013,35.0
2949,CAF,2013,15.0
2950,TCD,2013,14.7
2951,CHI,2013,
2952,CHL,2013,32.6
2953,CHN,2013,35.1
2954,COL,2013,27.7
2955,COM,2013,18.1
2956,COG,2013,18.4
2957,CRI,2013,29.3
2958,CIV,2013,16.7
2959,HRV,2013,41.6
2960,CUB,2013,38.8
2961,CUW,2013,37.7
2962,CYP,2013,34.0
2963,CZE,2013,39.6
2964,COD,2013,15.7
2965,DNK,2013,40.2
2966,DJI,2013,21.6
2967,DMA,2013,30.8
2968,DOM,2013,24.7
2969,TLS,2013,18.4
2970,ECU,2013,24.7
2971,EGY,2013,22.9
2972,SLV,2013,23.4
2973,GNQ,2013,20.1
2974,ERI,2013,17.3
2975,EST,2013,40.1
2976,SWZ,2013,19.2
2977,ETH,2013,16.7
2978,FRO,2013,37.8
2979,FJI,2013,24.8
2980,FIN,2013,41.4
2981,FRA,2013,39.9
2982,PYF,2013,29.0
2983,GAB,2013,20.8
2984,GMB,2013,16.0
2985,GEO,2013,35.7
2986,DEU,2013,44.2
2987,GHA,2013,19.6
2988,GIB,2013,38.9
2989,GRC,2013,41.6
2990,GRL,2013,32.9
2991,GRD,2013,27.8
2992,GUM,2013,28.7
2993,GTM,2013,19.6
2994,GIN,2013,16.6
2995,GNB,2013,17.2
2996,GUY,2013,23.6
2997,HTI,2013,21.1
2998,HIC,2013,38.7
2999,HND,2013,20.6
3000,HKG,2013,41.1
3001,HUN,2013,40.2
3002,ISL,2013,34.6
3003,IND,2013,24.9
3004,IDN,2013,27.5
3005,IRN,2013,28.0
3006,IRQ,2013,18.3
3007,IRL,2013,34.6
3008,IMN,2013,42.5
3009,ISR,2013,28.7
3010,ITA,2013,43.6
3011,JAM,2013,26.8
3012,JPN,2013,45.1
3013,JOR,2013,21.0
3014,KAZ,2013,28.3
3015,KEN,2013,17.5
3016,KIR,2013,20.7
3017,XKX,2013,26.4
3018,KWT,2013,31.3
3019,KGZ,2013,22.9
3020,LAO,2013,21.3
3021,LCN,2013,27.4
3022,LVA,2013,41.4
3023,LDC,2013,18.2
3024,LBN,2013,28.2
3025,LSO,2013,20.6
3026,LBR,2013,17.5
3027,LBY,2013,24.7
3028,LIE,2013,41.2
3029,LTU,2013,41.3
3030,LIC,2013,16.8
3031,LMC,2013,23.7
3032,LUX,2013,38.1
3033,MAC,2013,35.8
3034,MDG,2013,17.5
3035,MWI,2013,15.6
3036,MYS,2013,26.4
3037,MDV,2013,25.4
3038,MLI,2013,14.9
3039,MLT,2013,39.4
3040,MHL,2013,20.5
3041,MRT,2013,16.8
3042,MUS,2013,33.1
3043,MEX,2013,25.9
3044,FSM,2013,21.0
3045,MDA,2013,34.2
3046,MCO,2013,51.2
3047,MNG,2013,25.3
3048,MNE,2013,36.0
3049,MAR,2013,25.9
3050,MOZ,2013,16.0
3051,MMR,2013,26.7
3052,NAM,2013,20.0
3053,NRU,2013,20.5
3054,NPL,2013,20.9
3055,NLD,2013,40.7
3056,NCL,2013,30.1
3057,NZL,2013,36.5
3058,NIC,2013,21.9
3059,NER,2013,14.4
3060,NGA,2013,16.7
3061,PRK,2013,33.6
3062,MKD,2013,35.5
3063,MNP,2013,34.4
3064,NOR,2013,38.0
3065,OMN,2013,27.0
3066,PAK,2013,19.2
3067,PLW,2013,34.1
3068,PSE,2013,17.8
3069,PAN,2013,26.7
3070,PNG,2013,20.2
3071,PRY,2013,23.1
3072,PER,2013,26.1
3073,PHL,2013,22.5
3074,POL,2013,37.9
3075,PRT,2013,41.9
3076,PRI,2013,38.0
3077,QAT,2013,29.9
3078,ROU,2013,39.3
3079,RUS,2013,37.4
3080,RWA,2013,17.9
3081,KNA,2013,30.5
3082,LCA,2013,29.8
3083,MAF,2013,31.6
3084,VCT,2013,29.6
3085,WSM,2013,19.5
3086,SMR,2013,42.7
3087,STP,2013,17.7
3088,SAU,2013,27.1
3089,SEN,2013,17.1
3090,SRB,2013,41.3
3091,SYC,2013,30.3
3092,SLE,2013,17.4
3093,SGP,2013,37.9
3094,SXM,2013,40.2
3095,SVK,2013,37.4
3096,SVN,2013,41.1
3097,SLB,2013,18.4
3098,SOM,2013,14.9
3099,ZAF,2013,24.6
3100,KOR,2013,38.6
3101,SSD,2013,18.1
3102,ESP,2013,40.5
3103,LKA,2013,30.1
3104,SDN,2013,17.5
3105,SUR,2013,26.4
3106,SWE,2013,39.8
3107,CHE,2013,41.0
3108,SYR,2013,20.2
3109,TJK,2013,20.4
3110,TZA,2013,16.3
3111,THA,2013,35.7
3112,TGO,2013,18.0
3113,TON,2013,20.4
3114,TTO,2013,31.7
3115,TUN,2013,28.9
3116,TUR,2013,28.2
3117,TKM,2013,23.9
3118,TCA,2013,34.4
3119,TUV,2013,23.5
3120,UGA,2013,14.3
3121,UKR,2013,38.8
3122,ARE,2013,28.1
3123,GBR,2013,38.8
3124,USA,2013,36.4
3125,VIR,2013,40.1
3126,UMC,2013,32.3
3127,URY,2013,33.7
3128,UZB,2013,24.5
3129,VUT,2013,19.4
3130,VEN,2013,25.6
3131,VNM,2013,28.9
3132,WLD,2013,28.0
3133,YEM,2013,17.2
3134,ZMB,2013,15.7
3135,ZWE,2013,16.9
3136,AFG,2014,15.5
3137,ALB,2014,34.3
3138,DZA,2014,26.3
3139,ASM,2014,23.0
3140,AND,2014,39.1
3141,AGO,2014,16.0
3142,ATG,2014,31.7
3143,ARG,2014,29.7
3144,ARM,2014,32.0
3145,ABW,2014,38.7
3146,AUS,2014,36.3
3147,AUT,2014,41.9
3148,AZE,2014,28.4
3149,BHS,2014,29.9
3150,BHR,2014,29.8
3151,BGD,2014,23.6
3152,BRB,2014,36.9
3153,BLR,2014,38.7
3154,BEL,2014,40.4
3155,BLZ,2014,22.4
3156,BEN,2014,17.1
3157,BMU,2014,41.8
3158,BTN,2014,24.5
3159,BOL,2014,22.2
3160,BIH,2014,39.1
3161,BWA,2014,22.0
3162,BRA,2014,29.9
3163,VGB,2014,34.7
3164,BRN,2014,28.4
3165,BGR,2014,42.3
3166,BFA,2014,16.0
3167,BDI,2014,16.0
3168,KHM,2014,23.7
3169,CMR,2014,17.0
3170,CAN,2014,39.5
3171,CPV,2014,23.3
3172,CYM,2014,35.2
3173,CAF,2014,14.7
3174,TCD,2014,14.7
3175,CHI,2014,
3176,CHL,2014,33.0
3177,CHN,2014,35.3
3178,COL,2014,28.1
3179,COM,2014,18.4
3180,COG,2014,18.2
3181,CRI,2014,29.7
3182,CIV,2014,16.7
3183,HRV,2014,41.9
3184,CUB,2014,39.2
3185,CUW,2014,37.7
3186,CYP,2014,34.5
3187,CZE,2014,40.0
3188,COD,2014,15.7
3189,DNK,2014,40.4
3190,DJI,2014,21.9
3191,DMA,2014,30.6
3192,DOM,2014,25.0
3193,TLS,2014,18.6
3194,ECU,2014,25.1
3195,EGY,2014,23.1
3196,SLV,2014,23.7
3197,GNQ,2014,20.3
3198,ERI,2014,17.3
3199,EST,2014,40.4
3200,SWZ,2014,19.5
3201,ETH,2014,17.0
3202,FRO,2014,38.2
3203,FJI,2014,25.0
3204,FIN,2014,41.4
3205,FRA,2014,40.2
3206,PYF,2014,29.5
3207,GAB,2014,21.0
3208,GMB,2014,16.0
3209,GEO,2014,35.9
3210,DEU,2014,44.5
3211,GHA,2014,19.6
3212,GIB,2014,39.3
3213,GRC,2014,42.0
3214,GRL,2014,33.0
3215,GRD,2014,28.1
3216,GUM,2014,28.8
3217,GTM,2014,19.9
3218,GIN,2014,16.7
3219,GNB,2014,17.2
3220,GUY,2014,23.8
3221,HTI,2014,21.4
3222,HIC,2014,39.0
3223,HND,2014,20.9
3224,HKG,2014,41.5
3225,HUN,2014,40.5
3226,ISL,2014,34.7
3227,IND,2014,25.2
3228,IDN,2014,27.8
3229,IRN,2014,28.5
3230,IRQ,2014,18.4
3231,IRL,2014,35.0
3232,IMN,2014,42.9
3233,ISR,2014,28.8
3234,ITA,2014,44.0
3235,JAM,2014,27.3
3236,JPN,2014,45.5
3237,JOR,2014,21.1
3238,KAZ,2014,28.5
3239,KEN,2014,17.7
3240,KIR,2014,20.8
3241,XKX,2014,26.9
3242,KWT,2014,32.1
3243,KGZ,2014,23.0
3244,LAO,2014,21.7
3245,LCN,2014,27.8
3246,LVA,2014,41.7
3247,LDC,2014,18.3
3248,LBN,2014,28.6
3249,LSO,2014,20.8
3250,LBR,2014,17.5
3251,LBY,2014,24.9
3252,LIE,2014,41.7
3253,LTU,2014,41.7
3254,LIC,2014,16.8
3255,LMC,2014,23.9
3256,LUX,2014,38.2
3257,MAC,2014,35.9
3258,MDG,2014,17.7
3259,MWI,2014,15.6
3260,MYS,2014,26.8
3261,MDV,2014,26.1
3262,MLI,2014,14.9
3263,MLT,2014,39.3
3264,MHL,2014,20.8
3265,MRT,2014,16.8
3266,MUS,2014,33.6
3267,MEX,2014,26.3
3268,FSM,2014,21.3
3269,MDA,2014,34.5
3270,MCO,2014,52.1
3271,MNG,2014,25.6
3272,MNE,2014,36.2
3273,MAR,2014,26.3
3274,MOZ,2014,16.1
3275,MMR,2014,27.0
3276,NAM,2014,20.2
3277,NRU,2014,20.3
3278,NPL,2014,21.2
3279,NLD,2014,41.0
3280,NCL,2014,30.4
3281,NZL,2014,36.5
3282,NIC,2014,22.2
3283,NER,2014,14.4
3284,NGA,2014,16.7
3285,PRK,2014,33.9
3286,MKD,2014,35.8
3287,MNP,2014,34.9
3288,NOR,2014,38.1
3289,OMN,2014,27.4
3290,PAK,2014,19.3
3291,PLW,2014,34.5
3292,PSE,2014,18.1
3293,PAN,2014,27.0
3294,PNG,2014,20.4
3295,PRY,2014,23.4
3296,PER,2014,26.4
3297,PHL,2014,22.7
3298,POL,2014,38.3
3299,PRT,2014,42.3
3300,PRI,2014,38.8
3301,QAT,2014,30.0
3302,ROU,2014,39.6
3303,RUS,2014,37.5
3304,RWA,2014,18.1
3305,KNA,2014,31.0
3306,LCA,2014,30.2
3307,MAF,2014,32.1
3308,VCT,2014,30.2
3309,WSM,2014,19.6
3310,SMR,2014,43.0
3311,STP,2014,17.7
3312,SAU,2014,27.7
3313,SEN,2014,17.1
3314,SRB,2014,41.5
3315,SYC,2014,30.5
3316,SLE,2014,17.5
3317,SGP,2014,38.2
3318,SXM,2014,41.1
3319,SVK,2014,37.8
3320,SVN,2014,41.4
3321,SLB,2014,18.5
3322,SOM,2014,14.9
3323,ZAF,2014,24.9
3324,KOR,2014,39.2
3325,SSD,2014,17.7
3326,ESP,2014,41.1
3327,LKA,2014,30.5
3328,SDN,2014,17.6
3329,SUR,2014,26.6
3330,SWE,2014,39.8
3331,CHE,2014,41.2
3332,SYR,2014,19.0
3333,TJK,2014,20.5
3334,TZA,2014,16.3
3335,THA,2014,36.1
3336,TGO,2014,18.1
3337,TON,2014,20.5
3338,TTO,2014,32.2
3339,TUN,2014,29.3
3340,TUR,2014,28.5
3341,TKM,2014,24.1
3342,TCA,2014,34.8
3343,TUV,2014,23.7
3344,UGA,2014,14.4
3345,UKR,2014,38.9
3346,ARE,2014,28.7
3347,GBR,2014,38.9
3348,USA,2014,36.5
3349,VIR,2014,40.6
3350,UMC,2014,32.6
3351,URY,2014,33.9
3352,UZB,2014,24.8
3353,VUT,2014,19.4
3354,VEN,2014,25.9
3355,VNM,2014,29.3
3356,WLD,2014,28.2
3357,YEM,2014,17.4
3358,ZMB,2014,15.8
3359,ZWE,2014,17.0
3360,AFG,2015,15.7
3361,ALB,2015,34.7
3362,DZA,2015,26.5
3363,ASM,2015,23.6
3364,AND,2015,39.8
3365,AGO,2015,16.0
3366,ATG,2015,32.1
3367,ARG,2015,29.9
3368,ARM,2015,32.3
3369,ABW,2015,39.1
3370,AUS,2015,36.3
3371,AUT,2015,42.0
3372,AZE,2015,28.8
3373,BHS,2015,30.3
3374,BHR,2015,29.9
3375,BGD,2015,24.0
3376,BRB,2015,37.2
3377,BLR,2015,38.8
3378,BEL,2015,40.5
3379,BLZ,2015,22.8
3380,BEN,2015,17.2
3381,BMU,2015,42.3
3382,BTN,2015,24.9
3383,BOL,2015,22.5
3384,BIH,2015,39.5
3385,BWA,2015,22.2
3386,BRA,2015,30.3
3387,VGB,2015,35.2
3388,BRN,2015,28.9
3389,BGR,2015,42.6
3390,BFA,2015,16.0
3391,BDI,2015,15.6
3392,KHM,2015,24.2
3393,CMR,2015,17.1
3394,CAN,2015,39.6
3395,CPV,2015,23.7
3396,CYM,2015,35.4
3397,CAF,2015,14.5
3398,TCD,2015,14.7
3399,CHI,2015,0.0
3400,CHL,2015,33.3
3401,CHN,2015,35.6
3402,COL,2015,28.5
3403,COM,2015,18.6
3404,COG,2015,18.1
3405,CRI,2015,30.2
3406,CIV,2015,16.8
3407,HRV,2015,42.2
3408,CUB,2015,39.6
3409,CUW,2015,37.7
3410,CYP,2015,34.9
3411,CZE,2015,40.3
3412,COD,2015,15.7
3413,DNK,2015,40.6
3414,DJI,2015,22.1
3415,DMA,2015,30.4
3416,DOM,2015,25.3
3417,TLS,2015,18.8
3418,ECU,2015,25.4
3419,EGY,2015,23.1
3420,SLV,2015,24.0
3421,GNQ,2015,20.5
3422,ERI,2015,17.3
3423,EST,2015,40.6
3424,SWZ,2015,19.8
3425,ETH,2015,17.2
3426,FRO,2015,38.4
3427,FJI,2015,25.3
3428,FIN,2015,41.5
3429,FRA,2015,40.4
3430,PYF,2015,30.0
3431,GAB,2015,21.1
3432,GMB,2015,16.1
3433,GEO,2015,36.0
3434,DEU,2015,44.7
3435,GHA,2015,19.7
3436,GIB,2015,39.6
3437,GRC,2015,42.4
3438,GRL,2015,33.1
3439,GRD,2015,28.5
3440,GUM,2015,29.0
3441,GTM,2015,20.1
3442,GIN,2015,16.9
3443,GNB,2015,17.3
3444,GUY,2015,23.9
3445,HTI,2015,21.6
3446,HIC,2015,39.3
3447,HND,2015,21.3
3448,HKG,2015,41.9
3449,HUN,2015,40.7
3450,ISL,2015,35.0
3451,IND,2015,25.5
3452,IDN,2015,28.0
3453,IRN,2015,28.9
3454,IRQ,2015,18.6
3455,IRL,2015,35.4
3456,IMN,2015,43.4
3457,ISR,2015,28.8
3458,ITA,2015,44.4
3459,JAM,2015,27.8
3460,JPN,2015,45.9
3461,JOR,2015,21.4
3462,KAZ,2015,28.6
3463,KEN,2015,17.9
3464,KIR,2015,20.9
3465,XKX,2015,27.3
3466,KWT,2015,32.9
3467,KGZ,2015,23.1
3468,LAO,2015,22.0
3469,LCN,2015,28.1
3470,LVA,2015,42.1
3471,LDC,2015,18.4
3472,LBN,2015,28.8
3473,LSO,2015,21.0
3474,LBR,2015,17.5
3475,LBY,2015,25.1
3476,LIE,2015,42.1
3477,LTU,2015,42.1
3478,LIC,2015,16.9
3479,LMC,2015,24.2
3480,LUX,2015,38.3
3481,MAC,2015,36.0
3482,MDG,2015,17.9
3483,MWI,2015,15.7
3484,MYS,2015,27.3
3485,MDV,2015,26.8
3486,MLI,2015,14.8
3487,MLT,2015,39.2
3488,MHL,2015,21.2
3489,MRT,2015,16.9
3490,MUS,2015,34.1
3491,MEX,2015,26.7
3492,FSM,2015,21.6
3493,MDA,2015,34.7
3494,MCO,2015,52.9
3495,MNG,2015,25.8
3496,MNE,2015,36.5
3497,MAR,2015,26.6
3498,MOZ,2015,16.2
3499,MMR,2015,27.3
3500,NAM,2015,20.4
3501,NRU,2015,20.2
3502,NPL,2015,21.5
3503,NLD,2015,41.2
3504,NCL,2015,30.8
3505,NZL,2015,36.3
3506,NIC,2015,22.5
3507,NER,2015,14.4
3508,NGA,2015,16.7
3509,PRK,2015,34.1
3510,MKD,2015,36.1
3511,MNP,2015,35.5
3512,NOR,2015,38.2
3513,OMN,2015,27.8
3514,PAK,2015,19.4
3515,PLW,2015,34.8
3516,PSE,2015,18.3
3517,PAN,2015,27.2
3518,PNG,2015,20.6
3519,PRY,2015,23.7
3520,PER,2015,26.7
3521,PHL,2015,23.0
3522,POL,2015,38.7
3523,PRT,2015,42.8
3524,PRI,2015,39.8
3525,QAT,2015,30.2
3526,ROU,2015,39.9
3527,RUS,2015,37.6
3528,RWA,2015,18.2
3529,KNA,2015,31.4
3530,LCA,2015,30.6
3531,MAF,2015,32.7
3532,VCT,2015,30.7
3533,WSM,2015,19.8
3534,SMR,2015,43.5
3535,STP,2015,17.7
3536,SAU,2015,28.3
3537,SEN,2015,17.2
3538,SRB,2015,41.7
3539,SYC,2015,30.8
3540,SLE,2015,17.7
3541,SGP,2015,38.7
3542,SXM,2015,42.0
3543,SVK,2015,38.2
3544,SVN,2015,41.6
3545,SLB,2015,18.6
3546,SOM,2015,14.9
3547,ZAF,2015,25.3
3548,KOR,2015,39.9
3549,SSD,2015,17.2
3550,ESP,2015,41.5
3551,LKA,2015,30.8
3552,SDN,2015,17.7
3553,SUR,2015,26.8
3554,SWE,2015,39.8
3555,CHE,2015,41.2
3556,SYR,2015,18.3
3557,TJK,2015,20.6
3558,TZA,2015,16.4
3559,THA,2015,36.5
3560,TGO,2015,18.1
3561,TON,2015,20.7
3562,TTO,2015,32.7
3563,TUN,2015,29.6
3564,TUR,2015,28.8
3565,TKM,2015,24.4
3566,TCA,2015,35.2
3567,TUV,2015,23.9
3568,UGA,2015,14.6
3569,UKR,2015,39.1
3570,ARE,2015,29.2
3571,GBR,2015,39.0
3572,USA,2015,36.6
3573,VIR,2015,41.1
3574,UMC,2015,32.9
3575,URY,2015,34.0
3576,UZB,2015,25.1
3577,VUT,2015,19.4
3578,VEN,2015,26.2
3579,VNM,2015,29.7
3580,WLD,2015,28.5
3581,YEM,2015,17.6
3582,ZMB,2015,16.0
3583,ZWE,2015,17.0
3584,AFG,2016,15.8
3585,ALB,2016,35.1
3586,DZA,2016,26.8
3587,ASM,2016,24.1
3588,AND,2016,40.3
3589,AGO,2016,16.0
3590,ATG,2016,32.5
3591,ARG,2016,30.1
3592,ARM,2016,32.5
3593,ABW,2016,39.5
3594,AUS,2016,36.2
3595,AUT,2016,42.0
3596,AZE,2016,29.2
3597,BHS,2016,30.6
3598,BHR,2016,30.1
3599,BGD,2016,24.4
3600,BRB,2016,37.5
3601,BLR,2016,39.0
3602,BEL,2016,40.5
3603,BLZ,2016,23.2
3604,BEN,2016,17.2
3605,BMU,2016,42.8
3606,BTN,2016,25.4
3607,BOL,2016,22.7
3608,BIH,2016,39.9
3609,BWA,2016,22.4
3610,BRA,2016,30.7
3611,VGB,2016,35.7
3612,BRN,2016,29.4
3613,BGR,2016,42.9
3614,BFA,2016,16.1
3615,BDI,2016,15.2
3616,KHM,2016,24.6
3617,CMR,2016,17.2
3618,CAN,2016,39.7
3619,CPV,2016,24.2
3620,CYM,2016,35.6
3621,CAF,2016,14.5
3622,TCD,2016,14.7
3623,CHI,2016,
3624,CHL,2016,33.6
3625,CHN,2016,35.9
3626,COL,2016,28.9
3627,COM,2016,18.8
3628,COG,2016,18.1
3629,CRI,2016,30.6
3630,CIV,2016,16.9
3631,HRV,2016,42.4
3632,CUB,2016,39.9
3633,CUW,2016,37.7
3634,CYP,2016,35.3
3635,CZE,2016,40.7
3636,COD,2016,15.7
3637,DNK,2016,40.8
3638,DJI,2016,22.4
3639,DMA,2016,30.8
3640,DOM,2016,25.6
3641,TLS,2016,18.9
3642,ECU,2016,25.8
3643,EGY,2016,23.3
3644,SLV,2016,24.3
3645,GNQ,2016,20.6
3646,ERI,2016,17.4
3647,EST,2016,40.7
3648,SWZ,2016,20.1
3649,ETH,2016,17.4
3650,FRO,2016,38.3
3651,FJI,2016,25.5
3652,FIN,2016,41.5
3653,FRA,2016,40.6
3654,PYF,2016,30.5
3655,GAB,2016,21.3
3656,GMB,2016,16.2
3657,GEO,2016,36.0
3658,DEU,2016,44.9
3659,GHA,2016,19.8
3660,GIB,2016,40.0
3661,GRC,2016,42.8
3662,GRL,2016,33.2
3663,GRD,2016,28.9
3664,GUM,2016,29.1
3665,GTM,2016,20.4
3666,GIN,2016,17.0
3667,GNB,2016,17.4
3668,GUY,2016,24.1
3669,HTI,2016,21.9
3670,HIC,2016,39.5
3671,HND,2016,21.6
3672,HKG,2016,42.3
3673,HUN,2016,41.1
3674,ISL,2016,35.2
3675,IND,2016,25.9
3676,IDN,2016,28.2
3677,IRN,2016,29.3
3678,IRQ,2016,18.7
3679,IRL,2016,35.7
3680,IMN,2016,43.8
3681,ISR,2016,28.9
3682,ITA,2016,44.8
3683,JAM,2016,28.3
3684,JPN,2016,46.3
3685,JOR,2016,21.7
3686,KAZ,2016,28.8
3687,KEN,2016,18.1
3688,KIR,2016,21.1
3689,XKX,2016,27.8
3690,KWT,2016,33.7
3691,KGZ,2016,23.3
3692,LAO,2016,22.3
3693,LCN,2016,28.5
3694,LVA,2016,42.3
3695,LDC,2016,18.5
3696,LBN,2016,28.8
3697,LSO,2016,21.2
3698,LBR,2016,17.5
3699,LBY,2016,25.3
3700,LIE,2016,42.5
3701,LTU,2016,42.4
3702,LIC,2016,17.0
3703,LMC,2016,24.4
3704,LUX,2016,38.3
3705,MAC,2016,36.2
3706,MDG,2016,18.1
3707,MWI,2016,15.9
3708,MYS,2016,27.7
3709,MDV,2016,27.4
3710,MLI,2016,14.8
3711,MLT,2016,39.1
3712,MHL,2016,21.7
3713,MRT,2016,17.0
3714,MUS,2016,34.6
3715,MEX,2016,27.1
3716,FSM,2016,21.9
3717,MDA,2016,34.9
3718,MCO,2016,53.5
3719,MNG,2016,26.0
3720,MNE,2016,36.8
3721,MAR,2016,26.9
3722,MOZ,2016,16.3
3723,MMR,2016,27.6
3724,NAM,2016,20.6
3725,NRU,2016,20.1
3726,NPL,2016,21.8
3727,NLD,2016,41.3
3728,NCL,2016,31.2
3729,NZL,2016,36.2
3730,NIC,2016,22.8
3731,NER,2016,14.4
3732,NGA,2016,16.7
3733,PRK,2016,34.4
3734,MKD,2016,36.5
3735,MNP,2016,36.2
3736,NOR,2016,38.3
3737,OMN,2016,28.1
3738,PAK,2016,19.4
3739,PLW,2016,35.1
3740,PSE,2016,18.5
3741,PAN,2016,27.5
3742,PNG,2016,20.8
3743,PRY,2016,24.1
3744,PER,2016,26.9
3745,PHL,2016,23.2
3746,POL,2016,39.1
3747,PRT,2016,43.2
3748,PRI,2016,40.8
3749,QAT,2016,30.3
3750,ROU,2016,40.2
3751,RUS,2016,37.7
3752,RWA,2016,18.3
3753,KNA,2016,31.8
3754,LCA,2016,31.1
3755,MAF,2016,33.4
3756,VCT,2016,31.2
3757,WSM,2016,20.0
3758,SMR,2016,43.9
3759,STP,2016,17.8
3760,SAU,2016,28.7
3761,SEN,2016,17.2
3762,SRB,2016,41.9
3763,SYC,2016,31.1
3764,SLE,2016,17.9
3765,SGP,2016,39.2
3766,SXM,2016,42.8
3767,SVK,2016,38.6
3768,SVN,2016,41.9
3769,SLB,2016,18.7
3770,SOM,2016,15.0
3771,ZAF,2016,25.7
3772,KOR,2016,40.5
3773,SSD,2016,16.6
3774,ESP,2016,42.0
3775,LKA,2016,31.1
3776,SDN,2016,17.8
3777,SUR,2016,27.0
3778,SWE,2016,39.8
3779,CHE,2016,41.3
3780,SYR,2016,18.2
3781,TJK,2016,20.8
3782,TZA,2016,16.4
3783,THA,2016,37.0
3784,TGO,2016,18.2
3785,TON,2016,20.8
3786,TTO,2016,33.2
3787,TUN,2016,30.0
3788,TUR,2016,29.1
3789,TKM,2016,24.6
3790,TCA,2016,35.6
3791,TUV,2016,24.1
3792,UGA,2016,14.8
3793,UKR,2016,39.4
3794,ARE,2016,29.8
3795,GBR,2016,39.0
3796,USA,2016,36.7
3797,VIR,2016,41.5
3798,UMC,2016,33.3
3799,URY,2016,34.2
3800,UZB,2016,25.4
3801,VUT,2016,19.4
3802,VEN,2016,26.5
3803,VNM,2016,30.1
3804,WLD,2016,28.7
3805,YEM,2016,17.8
3806,ZMB,2016,16.1
3807,ZWE,2016,17.2
3808,AFG,2017,16.0
3809,ALB,2017,35.6
3810,DZA,2017,27.0
3811,ASM,2017,24.7
3812,AND,2017,40.8
3813,AGO,2017,16.0
3814,ATG,2017,32.9
3815,ARG,2017,30.3
3816,ARM,2017,32.9
3817,ABW,2017,39.8
3818,AUS,2017,36.3
3819,AUT,2017,42.1
3820,AZE,2017,29.6
3821,BHS,2017,31.0
3822,BHR,2017,30.4
3823,BGD,2017,24.8
3824,BRB,2017,37.8
3825,BLR,2017,39.2
3826,BEL,2017,40.6
3827,BLZ,2017,23.6
3828,BEN,2017,17.3
3829,BMU,2017,43.2
3830,BTN,2017,25.9
3831,BOL,2017,23.0
3832,BIH,2017,40.3
3833,BWA,2017,22.7
3834,BRA,2017,31.2
3835,VGB,2017,36.2
3836,BRN,2017,29.8
3837,BGR,2017,43.2
3838,BFA,2017,16.2
3839,BDI,2017,15.1
3840,KHM,2017,25.0
3841,CMR,2017,17.2
3842,CAN,2017,39.8
3843,CPV,2017,24.6
3844,CYM,2017,35.9
3845,CAF,2017,14.5
3846,TCD,2017,14.8
3847,CHI,2017,
3848,CHL,2017,33.8
3849,CHN,2017,36.2
3850,COL,2017,29.3
3851,COM,2017,19.0
3852,COG,2017,18.0
3853,CRI,2017,31.0
3854,CIV,2017,17.0
3855,HRV,2017,42.7
3856,CUB,2017,40.3
3857,CUW,2017,37.7
3858,CYP,2017,35.7
3859,CZE,2017,41.1
3860,COD,2017,15.7
3861,DNK,2017,40.9
3862,DJI,2017,22.7
3863,DMA,2017,30.9
3864,DOM,2017,25.9
3865,TLS,2017,19.2
3866,ECU,2017,26.1
3867,EGY,2017,23.4
3868,SLV,2017,24.7
3869,GNQ,2017,20.8
3870,ERI,2017,17.5
3871,EST,2017,40.9
3872,SWZ,2017,20.4
3873,ETH,2017,17.7
3874,FRO,2017,38.2
3875,FJI,2017,25.8
3876,FIN,2017,41.6
3877,FRA,2017,40.9
3878,PYF,2017,31.0
3879,GAB,2017,21.4
3880,GMB,2017,16.3
3881,GEO,2017,36.1
3882,DEU,2017,45.0
3883,GHA,2017,19.9
3884,GIB,2017,40.3
3885,GRC,2017,43.2
3886,GRL,2017,33.3
3887,GRD,2017,29.3
3888,GUM,2017,29.2
3889,GTM,2017,20.7
3890,GIN,2017,17.1
3891,GNB,2017,17.6
3892,GUY,2017,24.3
3893,HTI,2017,22.1
3894,HIC,2017,39.7
3895,HND,2017,22.0
3896,HKG,2017,42.8
3897,HUN,2017,41.4
3898,ISL,2017,35.3
3899,IND,2017,26.2
3900,IDN,2017,28.5
3901,IRN,2017,29.8
3902,IRQ,2017,18.9
3903,IRL,2017,36.1
3904,IMN,2017,44.2
3905,ISR,2017,28.9
3906,ITA,2017,45.2
3907,JAM,2017,28.8
3908,JPN,2017,46.7
3909,JOR,2017,22.0
3910,KAZ,2017,29.0
3911,KEN,2017,18.3
3912,KIR,2017,21.2
3913,XKX,2017,28.4
3914,KWT,2017,34.5
3915,KGZ,2017,23.4
3916,LAO,2017,22.6
3917,LCN,2017,28.9
3918,LVA,2017,42.6
3919,LDC,2017,18.7
3920,LBN,2017,28.8
3921,LSO,2017,21.4
3922,LBR,2017,17.5
3923,LBY,2017,25.4
3924,LIE,2017,42.7
3925,LTU,2017,42.7
3926,LIC,2017,17.1
3927,LMC,2017,24.7
3928,LUX,2017,38.4
3929,MAC,2017,36.4
3930,MDG,2017,18.3
3931,MWI,2017,16.0
3932,MYS,2017,28.1
3933,MDV,2017,28.0
3934,MLI,2017,14.8
3935,MLT,2017,39.1
3936,MHL,2017,22.2
3937,MRT,2017,17.1
3938,MUS,2017,35.1
3939,MEX,2017,27.5
3940,FSM,2017,22.1
3941,MDA,2017,35.1
3942,MCO,2017,53.8
3943,MNG,2017,26.2
3944,MNE,2017,37.1
3945,MAR,2017,27.3
3946,MOZ,2017,16.4
3947,MMR,2017,27.9
3948,NAM,2017,20.8
3949,NRU,2017,20.1
3950,NPL,2017,22.1
3951,NLD,2017,41.5
3952,NCL,2017,31.6
3953,NZL,2017,36.1
3954,NIC,2017,23.2
3955,NER,2017,14.4
3956,NGA,2017,16.7
3957,PRK,2017,34.6
3958,MKD,2017,36.8
3959,MNP,2017,36.8
3960,NOR,2017,38.4
3961,OMN,2017,28.4
3962,PAK,2017,19.5
3963,PLW,2017,35.3
3964,PSE,2017,18.6
3965,PAN,2017,27.8
3966,PNG,2017,21.0
3967,PRY,2017,24.4
3968,PER,2017,27.2
3969,PHL,2017,23.5
3970,POL,2017,39.4
3971,PRT,2017,43.6
3972,PRI,2017,41.8
3973,QAT,2017,30.5
3974,ROU,2017,40.6
3975,RUS,2017,37.9
3976,RWA,2017,18.4
3977,KNA,2017,32.2
3978,LCA,2017,31.5
3979,MAF,2017,34.2
3980,VCT,2017,31.7
3981,WSM,2017,20.1
3982,SMR,2017,44.3
3983,STP,2017,17.8
3984,SAU,2017,28.8
3985,SEN,2017,17.3
3986,SRB,2017,42.1
3987,SYC,2017,31.4
3988,SLE,2017,18.0
3989,SGP,2017,39.7
3990,SXM,2017,43.6
3991,SVK,2017,39.0
3992,SVN,2017,42.1
3993,SLB,2017,18.8
3994,SOM,2017,15.0
3995,ZAF,2017,26.0
3996,KOR,2017,41.0
3997,SSD,2017,15.7
3998,ESP,2017,42.4
3999,LKA,2017,31.4
4000,SDN,2017,18.0
4001,SUR,2017,27.2
4002,SWE,2017,39.7
4003,CHE,2017,41.4
4004,SYR,2017,18.4
4005,TJK,2017,20.9
4006,TZA,2017,16.4
4007,THA,2017,37.4
4008,TGO,2017,18.3
4009,TON,2017,20.9
4010,TTO,2017,33.6
4011,TUN,2017,30.3
4012,TUR,2017,29.4
4013,TKM,2017,24.9
4014,TCA,2017,36.0
4015,TUV,2017,24.4
4016,UGA,2017,15.0
4017,UKR,2017,39.6
4018,ARE,2017,30.3
4019,GBR,2017,39.1
4020,USA,2017,36.9
4021,VIR,2017,41.8
4022,UMC,2017,33.6
4023,URY,2017,34.3
4024,UZB,2017,25.7
4025,VUT,2017,19.5
4026,VEN,2017,26.8
4027,VNM,2017,30.5
4028,WLD,2017,28.9
4029,YEM,2017,18.0
4030,ZMB,2017,16.3
4031,ZWE,2017,17.3
4032,AFG,2018,16.1
4033,ALB,2018,36.0
4034,DZA,2018,27.2
4035,ASM,2018,25.4
4036,AND,2018,41.3
4037,AGO,2018,16.1
4038,ATG,2018,33.4
4039,ARG,2018,30.5
4040,ARM,2018,33.3
4041,ABW,2018,40.2
4042,AUS,2018,36.3
4043,AUT,2018,42.3
4044,AZE,2018,30.1
4045,BHS,2018,31.4
4046,BHR,2018,30.7
4047,BGD,2018,25.2
4048,BRB,2018,38.1
4049,BLR,2018,39.4
4050,BEL,2018,40.6
4051,BLZ,2018,23.9
4052,BEN,2018,17.3
4053,BMU,2018,43.7
4054,BTN,2018,26.4
4055,BOL,2018,23.2
4056,BIH,2018,40.7
4057,BWA,2018,22.9
4058,BRA,2018,31.6
4059,VGB,2018,36.7
4060,BRN,2018,30.3
4061,BGR,2018,43.5
4062,BFA,2018,16.2
4063,BDI,2018,15.1
4064,KHM,2018,25.4
4065,CMR,2018,17.3
4066,CAN,2018,39.8
4067,CPV,2018,25.1
4068,CYM,2018,36.1
4069,CAF,2018,14.5
4070,TCD,2018,14.8
4071,CHI,2018,
4072,CHL,2018,34.0
4073,CHN,2018,36.6
4074,COL,2018,29.7
4075,COM,2018,19.3
4076,COG,2018,18.0
4077,CRI,2018,31.5
4078,CIV,2018,17.2
4079,HRV,2018,43.0
4080,CUB,2018,40.6
4081,CUW,2018,35.9
4082,CYP,2018,36.2
4083,CZE,2018,41.5
4084,COD,2018,15.7
4085,DNK,2018,41.1
4086,DJI,2018,23.0
4087,DMA,2018,31.1
4088,DOM,2018,26.2
4089,TLS,2018,19.4
4090,ECU,2018,26.5
4091,EGY,2018,23.5
4092,SLV,2018,25.1
4093,GNQ,2018,20.9
4094,ERI,2018,17.6
4095,EST,2018,41.0
4096,SWZ,2018,20.7
4097,ETH,2018,17.9
4098,FRO,2018,38.1
4099,FJI,2018,26.0
4100,FIN,2018,41.8
4101,FRA,2018,41.0
4102,PYF,2018,31.5
4103,GAB,2018,21.4
4104,GMB,2018,16.4
4105,GEO,2018,36.1
4106,DEU,2018,45.0
4107,GHA,2018,20.0
4108,GIB,2018,40.7
4109,GRC,2018,43.5
4110,GRL,2018,33.4
4111,GRD,2018,29.7
4112,GUM,2018,29.4
4113,GTM,2018,21.0
4114,GIN,2018,17.3
4115,GNB,2018,17.7
4116,GUY,2018,24.7
4117,HTI,2018,22.3
4118,HIC,2018,39.9
4119,HND,2018,22.4
4120,HKG,2018,43.3
4121,HUN,2018,41.8
4122,ISL,2018,35.4
4123,IND,2018,26.6
4124,IDN,2018,28.8
4125,IRN,2018,30.3
4126,IRQ,2018,19.1
4127,IRL,2018,36.5
4128,IMN,2018,44.5
4129,ISR,2018,28.9
4130,ITA,2018,45.6
4131,JAM,2018,29.3
4132,JPN,2018,47.1
4133,JOR,2018,22.4
4134,KAZ,2018,29.2
4135,KEN,2018,18.5
4136,KIR,2018,21.4
4137,XKX,2018,28.9
4138,KWT,2018,35.4
4139,KGZ,2018,23.5
4140,LAO,2018,22.9
4141,LCN,2018,29.2
4142,LVA,2018,42.9
4143,LDC,2018,18.8
4144,LBN,2018,28.6
4145,LSO,2018,21.5
4146,LBR,2018,17.6
4147,LBY,2018,25.6
4148,LIE,2018,43.0
4149,LTU,2018,43.0
4150,LIC,2018,17.2
4151,LMC,2018,24.9
4152,LUX,2018,38.5
4153,MAC,2018,36.7
4154,MDG,2018,18.4
4155,MWI,2018,16.2
4156,MYS,2018,28.6
4157,MDV,2018,28.7
4158,MLI,2018,14.9
4159,MLT,2018,39.0
4160,MHL,2018,22.8
4161,MRT,2018,17.2
4162,MUS,2018,35.6
4163,MEX,2018,28.0
4164,FSM,2018,22.4
4165,MDA,2018,35.3
4166,MCO,2018,54.0
4167,MNG,2018,26.4
4168,MNE,2018,37.4
4169,MAR,2018,27.6
4170,MOZ,2018,16.5
4171,MMR,2018,28.2
4172,NAM,2018,20.9
4173,NRU,2018,20.1
4174,NPL,2018,22.5
4175,NLD,2018,41.6
4176,NCL,2018,32.0
4177,NZL,2018,36.1
4178,NIC,2018,23.5
4179,NER,2018,14.4
4180,NGA,2018,16.8
4181,PRK,2018,34.9
4182,MKD,2018,37.2
4183,MNP,2018,37.4
4184,NOR,2018,38.6
4185,OMN,2018,28.7
4186,PAK,2018,19.7
4187,PLW,2018,35.4
4188,PSE,2018,18.7
4189,PAN,2018,28.0
4190,PNG,2018,21.2
4191,PRY,2018,24.7
4192,PER,2018,27.4
4193,PHL,2018,23.8
4194,POL,2018,39.8
4195,PRT,2018,44.0
4196,PRI,2018,42.6
4197,QAT,2018,30.8
4198,ROU,2018,41.0
4199,RUS,2018,38.1
4200,RWA,2018,18.5
4201,KNA,2018,32.7
4202,LCA,2018,31.9
4203,MAF,2018,35.2
4204,VCT,2018,32.1
4205,WSM,2018,20.3
4206,SMR,2018,44.8
4207,STP,2018,17.9
4208,SAU,2018,28.9
4209,SEN,2018,17.4
4210,SRB,2018,42.3
4211,SYC,2018,31.7
4212,SLE,2018,18.2
4213,SGP,2018,40.2
4214,SXM,2018,44.4
4215,SVK,2018,39.4
4216,SVN,2018,42.4
4217,SLB,2018,18.9
4218,SOM,2018,15.1
4219,ZAF,2018,26.3
4220,KOR,2018,41.6
4221,SSD,2018,15.3
4222,ESP,2018,42.8
4223,LKA,2018,31.7
4224,SDN,2018,18.1
4225,SUR,2018,27.4
4226,SWE,2018,39.6
4227,CHE,2018,41.5
4228,SYR,2018,19.0
4229,TJK,2018,21.1
4230,TZA,2018,16.5
4231,THA,2018,37.9
4232,TGO,2018,18.3
4233,TON,2018,21.1
4234,TTO,2018,34.0
4235,TUN,2018,30.7
4236,TUR,2018,29.8
4237,TKM,2018,25.1
4238,TCA,2018,36.3
4239,TUV,2018,24.6
4240,UGA,2018,15.3
4241,UKR,2018,39.9
4242,ARE,2018,30.8
4243,GBR,2018,39.1
4244,USA,2018,37.0
4245,VIR,2018,42.1
4246,UMC,2018,34.0
4247,URY,2018,34.5
4248,UZB,2018,26.0
4249,VUT,2018,19.5
4250,VEN,2018,27.1
4251,VNM,2018,30.9
4252,WLD,2018,29.2
4253,YEM,2018,18.2
4254,ZMB,2018,16.4
4255,ZWE,2018,17.5
4256,AFG,2019,16.3
4257,ALB,2019,36.5
4258,DZA,2019,27.4
4259,ASM,2019,26.1
4260,AND,2019,41.7
4261,AGO,2019,16.1
4262,ATG,2019,33.8
4263,ARG,2019,30.8
4264,ARM,2019,33.7
4265,ABW,2019,40.5
4266,AUS,2019,36.4
4267,AUT,2019,42.4
4268,AZE,2019,30.6
4269,BHS,2019,31.8
4270,BHR,2019,31.2
4271,BGD,2019,25.5
4272,BRB,2019,38.4
4273,BLR,2019,39.7
4274,BEL,2019,40.7
4275,BLZ,2019,24.3
4276,BEN,2019,17.4
4277,BMU,2019,44.1
4278,BTN,2019,27.0
4279,BOL,2019,23.5
4280,BIH,2019,41.1
4281,BWA,2019,23.1
4282,BRA,2019,32.0
4283,VGB,2019,37.3
4284,BRN,2019,30.8
4285,BGR,2019,43.9
4286,BFA,2019,16.3
4287,BDI,2019,15.3
4288,KHM,2019,25.8
4289,CMR,2019,17.3
4290,CAN,2019,39.8
4291,CPV,2019,25.6
4292,CYM,2019,36.4
4293,CAF,2019,14.6
4294,TCD,2019,14.9
4295,CHI,2019,
4296,CHL,2019,34.3
4297,CHN,2019,37.0
4298,COL,2019,30.0
4299,COM,2019,19.6
4300,COG,2019,18.0
4301,CRI,2019,32.0
4302,CIV,2019,17.3
4303,HRV,2019,43.3
4304,CUB,2019,40.9
4305,CUW,2019,35.2
4306,CYP,2019,36.6
4307,CZE,2019,41.9
4308,COD,2019,15.6
4309,DNK,2019,41.1
4310,DJI,2019,23.2
4311,DMA,2019,31.2
4312,DOM,2019,26.5
4313,TLS,2019,19.7
4314,ECU,2019,26.9
4315,EGY,2019,23.7
4316,SLV,2019,25.5
4317,GNQ,2019,21.0
4318,ERI,2019,17.8
4319,EST,2019,41.2
4320,SWZ,2019,21.0
4321,ETH,2019,18.1
4322,FRO,2019,38.0
4323,FJI,2019,26.3
4324,FIN,2019,42.0
4325,FRA,2019,41.2
4326,PYF,2019,32.0
4327,GAB,2019,21.5
4328,GMB,2019,16.5
4329,GEO,2019,36.2
4330,DEU,2019,45.0
4331,GHA,2019,20.1
4332,GIB,2019,41.1
4333,GRC,2019,43.9
4334,GRL,2019,33.5
4335,GRD,2019,30.1
4336,GUM,2019,29.6
4337,GTM,2019,21.4
4338,GIN,2019,17.4
4339,GNB,2019,17.9
4340,GUY,2019,25.0
4341,HTI,2019,22.6
4342,HIC,2019,40.1
4343,HND,2019,22.7
4344,HKG,2019,43.8
4345,HUN,2019,42.1
4346,ISL,2019,35.5
4347,IND,2019,26.9
4348,IDN,2019,29.0
4349,IRN,2019,30.8
4350,IRQ,2019,19.4
4351,IRL,2019,36.9
4352,IMN,2019,44.8
4353,ISR,2019,29.0
4354,ITA,2019,46.0
4355,JAM,2019,29.8
4356,JPN,2019,47.6
4357,JOR,2019,22.7
4358,KAZ,2019,29.4
4359,KEN,2019,18.7
4360,KIR,2019,21.5
4361,XKX,2019,29.5
4362,KWT,2019,36.2
4363,KGZ,2019,23.6
4364,LAO,2019,23.2
4365,LCN,2019,29.6
4366,LVA,2019,43.2
4367,LDC,2019,18.9
4368,LBN,2019,28.2
4369,LSO,2019,21.7
4370,LBR,2019,17.7
4371,LBY,2019,25.8
4372,LIE,2019,43.2
4373,LTU,2019,43.3
4374,LIC,2019,17.3
4375,LMC,2019,25.1
4376,LUX,2019,38.5
4377,MAC,2019,36.9
4378,MDG,2019,18.6
4379,MWI,2019,16.4
4380,MYS,2019,29.0
4381,MDV,2019,29.3
4382,MLI,2019,14.9
4383,MLT,2019,39.0
4384,MHL,2019,23.4
4385,MRT,2019,17.3
4386,MUS,2019,36.0
4387,MEX,2019,28.4
4388,FSM,2019,22.7
4389,MDA,2019,35.6
4390,MCO,2019,54.3
4391,MNG,2019,26.6
4392,MNE,2019,37.7
4393,MAR,2019,28.0
4394,MOZ,2019,16.6
4395,MMR,2019,28.5
4396,NAM,2019,21.1
4397,NRU,2019,20.2
4398,NPL,2019,22.8
4399,NLD,2019,41.6
4400,NCL,2019,32.4
4401,NZL,2019,36.2
4402,NIC,2019,23.9
4403,NER,2019,14.4
4404,NGA,2019,16.9
4405,PRK,2019,35.1
4406,MKD,2019,37.6
4407,MNP,2019,38.0
4408,NOR,2019,38.8
4409,OMN,2019,28.8
4410,PAK,2019,19.8
4411,PLW,2019,35.5
4412,PSE,2019,18.9
4413,PAN,2019,28.3
4414,PNG,2019,21.3
4415,PRY,2019,25.0
4416,PER,2019,27.7
4417,PHL,2019,24.0
4418,POL,2019,40.2
4419,PRT,2019,44.4
4420,PRI,2019,43.2
4421,QAT,2019,31.2
4422,ROU,2019,41.3
4423,RUS,2019,38.3
4424,RWA,2019,18.7
4425,KNA,2019,33.1
4426,LCA,2019,32.3
4427,MAF,2019,36.2
4428,VCT,2019,32.5
4429,WSM,2019,20.4
4430,SMR,2019,45.2
4431,STP,2019,18.0
4432,SAU,2019,28.9
4433,SEN,2019,17.5
4434,SRB,2019,42.5
4435,SYC,2019,31.9
4436,SLE,2019,18.4
4437,SGP,2019,40.7
4438,SXM,2019,45.1
4439,SVK,2019,39.8
4440,SVN,2019,42.6
4441,SLB,2019,19.0
4442,SOM,2019,15.1
4443,ZAF,2019,26.6
4444,KOR,2019,42.2
4445,SSD,2019,15.4
4446,ESP,2019,43.1
4447,LKA,2019,32.0
4448,SDN,2019,18.2
4449,SUR,2019,27.6
4450,SWE,2019,39.6
4451,CHE,2019,41.6
4452,SYR,2019,19.7
4453,TJK,2019,21.2
4454,TZA,2019,16.6
4455,THA,2019,38.3
4456,TGO,2019,18.4
4457,TON,2019,21.3
4458,TTO,2019,34.4
4459,TUN,2019,31.1
4460,TUR,2019,30.2
4461,TKM,2019,25.3
4462,TCA,2019,36.7
4463,TUV,2019,24.7
4464,UGA,2019,15.5
4465,UKR,2019,40.2
4466,ARE,2019,31.3
4467,GBR,2019,39.3
4468,USA,2019,37.3
4469,VIR,2019,42.4
4470,UMC,2019,34.3
4471,URY,2019,34.7
4472,UZB,2019,26.2
4473,VUT,2019,19.5
4474,VEN,2019,27.5
4475,VNM,2019,31.2
4476,WLD,2019,29.5
4477,YEM,2019,18.4
4478,ZMB,2019,16.6
4479,ZWE,2019,17.7
4480,AFG,2020,16.6
4481,ALB,2020,36.9
4482,DZA,2020,27.6
4483,ASM,2020,26.9
4484,AND,2020,42.1
4485,AGO,2020,16.1
4486,ATG,2020,34.3
4487,ARG,2020,31.0
4488,ARM,2020,34.1
4489,ABW,2020,40.9
4490,AUS,2020,36.7
4491,AUT,2020,42.6
4492,AZE,2020,31.0
4493,BHS,2020,32.1
4494,BHR,2020,31.9
4495,BGD,2020,25.9
4496,BRB,2020,38.6
4497,BLR,2020,40.0
4498,BEL,2020,40.8
4499,BLZ,2020,24.8
4500,BEN,2020,17.4
4501,BMU,2020,44.5
4502,BTN,2020,27.6
4503,BOL,2020,23.7
4504,BIH,2020,41.5
4505,BWA,2020,23.3
4506,BRA,2020,32.4
4507,VGB,2020,37.7
4508,BRN,2020,31.3
4509,BGR,2020,44.3
4510,BFA,2020,16.5
4511,BDI,2020,15.4
4512,KHM,2020,26.2
4513,CMR,2020,17.4
4514,CAN,2020,39.9
4515,CPV,2020,26.0
4516,CYM,2020,36.8
4517,CAF,2020,14.7
4518,TCD,2020,14.9
4519,CHI,2020,
4520,CHL,2020,34.5
4521,CHN,2020,37.4
4522,COL,2020,30.4
4523,COM,2020,19.9
4524,COG,2020,18.1
4525,CRI,2020,32.4
4526,CIV,2020,17.5
4527,HRV,2020,43.5
4528,CUB,2020,41.1
4529,CUW,2020,35.9
4530,CYP,2020,37.1
4531,CZE,2020,42.2
4532,COD,2020,15.6
4533,DNK,2020,41.2
4534,DJI,2020,23.5
4535,DMA,2020,31.3
4536,DOM,2020,26.8
4537,TLS,2020,20.0
4538,ECU,2020,27.2
4539,EGY,2020,23.8
4540,SLV,2020,25.9
4541,GNQ,2020,21.0
4542,ERI,2020,18.0
4543,EST,2020,41.4
4544,SWZ,2020,21.3
4545,ETH,2020,18.3
4546,FRO,2020,38.0
4547,FJI,2020,26.6
4548,FIN,2020,42.2
4549,FRA,2020,41.4
4550,PYF,2020,32.5
4551,GAB,2020,21.6
4552,GMB,2020,16.7
4553,GEO,2020,36.3
4554,DEU,2020,44.9
4555,GHA,2020,20.2
4556,GIB,2020,41.4
4557,GRC,2020,44.4
4558,GRL,2020,33.6
4559,GRD,2020,30.5
4560,GUM,2020,29.7
4561,GTM,2020,21.7
4562,GIN,2020,17.6
4563,GNB,2020,18.1
4564,GUY,2020,25.2
4565,HTI,2020,22.8
4566,HIC,2020,40.4
4567,HND,2020,23.1
4568,HKG,2020,44.3
4569,HUN,2020,42.5
4570,ISL,2020,35.6
4571,IND,2020,27.3
4572,IDN,2020,29.2
4573,IRN,2020,31.4
4574,IRQ,2020,19.6
4575,IRL,2020,37.3
4576,IMN,2020,45.1
4577,ISR,2020,29.0
4578,ITA,2020,46.4
4579,JAM,2020,30.3
4580,JPN,2020,48.0
4581,JOR,2020,23.1
4582,KAZ,2020,29.5
4583,KEN,2020,18.9
4584,KIR,2020,21.7
4585,XKX,2020,30.1
4586,KWT,2020,37.2
4587,KGZ,2020,23.6
4588,LAO,2020,23.5
4589,LCN,2020,29.9
4590,LVA,2020,43.4
4591,LDC,2020,19.1
4592,LBN,2020,28.0
4593,LSO,2020,21.9
4594,LBR,2020,17.8
4595,LBY,2020,26.1
4596,LIE,2020,43.5
4597,LTU,2020,43.5
4598,LIC,2020,17.4
4599,LMC,2020,25.4
4600,LUX,2020,38.6
4601,MAC,2020,37.2
4602,MDG,2020,18.8
4603,MWI,2020,16.6
4604,MYS,2020,29.5
4605,MDV,2020,29.9
4606,MLI,2020,15.0
4607,MLT,2020,39.0
4608,MHL,2020,24.2
4609,MRT,2020,17.4
4610,MUS,2020,36.4
4611,MEX,2020,28.7
4612,FSM,2020,23.0
4613,MDA,2020,35.8
4614,MCO,2020,54.5
4615,MNG,2020,26.7
4616,MNE,2020,37.9
4617,MAR,2020,28.4
4618,MOZ,2020,16.7
4619,MMR,2020,28.8
4620,NAM,2020,21.2
4621,NRU,2020,20.2
4622,NPL,2020,23.2
4623,NLD,2020,41.7
4624,NCL,2020,32.8
4625,NZL,2020,36.4
4626,NIC,2020,24.2
4627,NER,2020,14.4
4628,NGA,2020,16.9
4629,PRK,2020,35.4
4630,MKD,2020,38.0
4631,MNP,2020,38.5
4632,NOR,2020,39.0
4633,OMN,2020,28.8
4634,PAK,2020,20.0
4635,PLW,2020,35.6
4636,PSE,2020,19.0
4637,PAN,2020,28.6
4638,PNG,2020,21.5
4639,PRY,2020,25.3
4640,PER,2020,28.0
4641,PHL,2020,24.3
4642,POL,2020,40.5
4643,PRT,2020,44.7
4644,PRI,2020,43.6
4645,QAT,2020,32.0
4646,ROU,2020,41.6
4647,RUS,2020,38.6
4648,RWA,2020,18.8
4649,KNA,2020,33.6
4650,LCA,2020,32.7
4651,MAF,2020,37.2
4652,VCT,2020,32.8
4653,WSM,2020,20.5
4654,SMR,2020,45.7
4655,STP,2020,18.2
4656,SAU,2020,29.2
4657,SEN,2020,17.6
4658,SRB,2020,42.8
4659,SYC,2020,32.2
4660,SLE,2020,18.6
4661,SGP,2020,41.2
4662,SXM,2020,45.8
4663,SVK,2020,40.2
4664,SVN,2020,42.9
4665,SLB,2020,19.1
4666,SOM,2020,15.1
4667,ZAF,2020,26.9
4668,KOR,2020,42.8
4669,SSD,2020,15.8
4670,ESP,2020,43.5
4671,LKA,2020,32.2
4672,SDN,2020,18.3
4673,SUR,2020,27.8
4674,SWE,2020,39.5
4675,CHE,2020,41.7
4676,SYR,2020,20.4
4677,TJK,2020,21.3
4678,TZA,2020,16.7
4679,THA,2020,38.8
4680,TGO,2020,18.5
4681,TON,2020,21.4
4682,TTO,2020,35.0
4683,TUN,2020,31.4
4684,TUR,2020,30.6
4685,TKM,2020,25.6
4686,TCA,2020,37.0
4687,TUV,2020,24.9
4688,UGA,2020,15.7
4689,UKR,2020,40.5
4690,ARE,2020,32.0
4691,GBR,2020,39.5
4692,USA,2020,37.5
4693,VIR,2020,42.6
4694,UMC,2020,34.7
4695,URY,2020,35.0
4696,UZB,2020,26.4
4697,VUT,2020,19.5
4698,VEN,2020,27.8
4699,VNM,2020,31.6
4700,WLD,2020,29.7
4701,YEM,2020,18.5
4702,ZMB,2020,16.8
4703,ZWE,2020,17.9
4704,AFG,2021,16.7
4705,ALB,2021,37.3
4706,DZA,2021,27.8
4707,ASM,2021,27.6
4708,AND,2021,42.5
4709,AGO,2021,16.2
4710,ATG,2021,34.7
4711,ARG,2021,31.3
4712,ARM,2021,34.4
4713,ABW,2021,41.2
4714,AUS,2021,37.0
4715,AUT,2021,42.8
4716,AZE,2021,31.4
4717,BHS,2021,32.4
4718,BHR,2021,32.7
4719,BGD,2021,26.3
4720,BRB,2021,38.9
4721,BLR,2021,40.2
4722,BEL,2021,40.9
4723,BLZ,2021,25.2
4724,BEN,2021,17.5
4725,BMU,2021,44.9
4726,BTN,2021,28.2
4727,BOL,2021,23.9
4728,BIH,2021,41.8
4729,BWA,2021,23.5
4730,BRA,2021,32.8
4731,VGB,2021,38.2
4732,BRN,2021,31.8
4733,BGR,2021,44.5
4734,BFA,2021,16.6
4735,BDI,2021,15.6
4736,KHM,2021,26.5
4737,CMR,2021,17.5
4738,CAN,2021,40.2
4739,CPV,2021,26.5
4740,CYM,2021,37.2
4741,CAF,2021,14.7
4742,TCD,2021,15.0
4743,CHI,2021,
4744,CHL,2021,34.9
4745,CHN,2021,37.9
4746,COL,2021,30.8
4747,COM,2021,20.1
4748,COG,2021,18.2
4749,CRI,2021,32.9
4750,CIV,2021,17.6
4751,HRV,2021,43.7
4752,CUB,2021,41.2
4753,CUW,2021,36.0
4754,CYP,2021,37.6
4755,CZE,2021,42.6
4756,COD,2021,15.6
4757,DNK,2021,41.3
4758,DJI,2021,23.7
4759,DMA,2021,31.6
4760,DOM,2021,27.1
4761,TLS,2021,20.3
4762,ECU,2021,27.6
4763,EGY,2021,23.9
4764,SLV,2021,26.3
4765,GNQ,2021,20.9
4766,ERI,2021,18.2
4767,EST,2021,41.5
4768,SWZ,2021,21.5
4769,ETH,2021,18.5
4770,FRO,2021,37.9
4771,FJI,2021,26.8
4772,FIN,2021,42.4
4773,FRA,2021,41.6
4774,PYF,2021,33.0
4775,GAB,2021,21.6
4776,GMB,2021,16.8
4777,GEO,2021,36.4
4778,DEU,2021,44.9
4779,GHA,2021,20.4
4780,GIB,2021,41.7
4781,GRC,2021,44.7
4782,GRL,2021,33.9
4783,GRD,2021,30.8
4784,GUM,2021,29.8
4785,GTM,2021,22.1
4786,GIN,2021,17.7
4787,GNB,2021,18.3
4788,GUY,2021,25.5
4789,HTI,2021,23.0
4790,HIC,2021,40.7
4791,HND,2021,23.4
4792,HKG,2021,44.9
4793,HUN,2021,42.7
4794,ISL,2021,35.9
4795,IND,2021,27.6
4796,IDN,2021,29.4
4797,IRN,2021,31.9
4798,IRQ,2021,19.8
4799,IRL,2021,37.6
4800,IMN,2021,45.3
4801,ISR,2021,29.0
4802,ITA,2021,46.8
4803,JAM,2021,30.8
4804,JPN,2021,48.4
4805,JOR,2021,23.4
4806,KAZ,2021,29.5
4807,KEN,2021,19.2
4808,KIR,2021,21.9
4809,XKX,2021,30.5
4810,KWT,2021,38.3
4811,KGZ,2021,23.7
4812,LAO,2021,23.8
4813,LCN,2021,30.3
4814,LVA,2021,43.6
4815,LDC,2021,19.2
4816,LBN,2021,28.3
4817,LSO,2021,22.1
4818,LBR,2021,17.9
4819,LBY,2021,26.3
4820,LIE,2021,43.7
4821,LTU,2021,43.7
4822,LIC,2021,17.6
4823,LMC,2021,25.6
4824,LUX,2021,38.7
4825,MAC,2021,37.6
4826,MDG,2021,19.0
4827,MWI,2021,16.8
4828,MYS,2021,29.9
4829,MDV,2021,30.6
4830,MLI,2021,15.1
4831,MLT,2021,39.0
4832,MHL,2021,25.0
4833,MRT,2021,17.6
4834,MUS,2021,36.8
4835,MEX,2021,29.0
4836,FSM,2021,23.4
4837,MDA,2021,36.1
4838,MCO,2021,54.5
4839,MNG,2021,26.8
4840,MNE,2021,38.2
4841,MAR,2021,28.7
4842,MOZ,2021,16.8
4843,MMR,2021,29.0
4844,NAM,2021,21.3
4845,NRU,2021,20.3
4846,NPL,2021,23.7
4847,NLD,2021,41.7
4848,NCL,2021,33.2
4849,NZL,2021,36.5
4850,NIC,2021,24.5
4851,NER,2021,14.5
4852,NGA,2021,17.0
4853,PRK,2021,35.6
4854,MKD,2021,38.3
4855,MNP,2021,38.7
4856,NOR,2021,39.3
4857,OMN,2021,28.8
4858,PAK,2021,20.2
4859,PLW,2021,35.7
4860,PSE,2021,19.2
4861,PAN,2021,28.8
4862,PNG,2021,21.8
4863,PRY,2021,25.6
4864,PER,2021,28.2
4865,PHL,2021,24.5
4866,POL,2021,40.9
4867,PRT,2021,45.0
4868,PRI,2021,44.0
4869,QAT,2021,33.0
4870,ROU,2021,41.9
4871,RUS,2021,38.8
4872,RWA,2021,19.0
4873,KNA,2021,34.0
4874,LCA,2021,33.1
4875,MAF,2021,38.2
4876,VCT,2021,33.0
4877,WSM,2021,20.6
4878,SMR,2021,46.3
4879,STP,2021,18.4
4880,SAU,2021,29.8
4881,SEN,2021,17.8
4882,SRB,2021,42.9
4883,SYC,2021,32.5
4884,SLE,2021,18.8
4885,SGP,2021,41.8
4886,SXM,2021,46.5
4887,SVK,2021,40.6
4888,SVN,2021,43.2
4889,SLB,2021,19.3
4890,SOM,2021,15.2
4891,ZAF,2021,27.1
4892,KOR,2021,43.4
4893,SSD,2021,16.1
4894,ESP,2021,43.9
4895,LKA,2021,32.5
4896,SDN,2021,18.4
4897,SUR,2021,27.9
4898,SWE,2021,39.5
4899,CHE,2021,41.8
4900,SYR,2021,20.9
4901,TJK,2021,21.5
4902,TZA,2021,16.8
4903,THA,2021,39.3
4904,TGO,2021,18.7
4905,TON,2021,21.6
4906,TTO,2021,35.5
4907,TUN,2021,31.7
4908,TUR,2021,30.9
4909,TKM,2021,25.8
4910,TCA,2021,37.4
4911,TUV,2021,25.0
4912,UGA,2021,15.9
4913,UKR,2021,40.8
4914,ARE,2021,32.8
4915,GBR,2021,39.6
4916,USA,2021,37.7
4917,VIR,2021,42.7
4918,UMC,2021,35.1
4919,URY,2021,35.2
4920,UZB,2021,26.6
4921,VUT,2021,19.5
4922,VEN,2021,28.1
4923,VNM,2021,32.0
4924,WLD,2021,30.0
4925,YEM,2021,18.7
4926,ZMB,2021,16.9
4927,ZWE,2021,18.1
