Country Name,Country Code,Series Name,Series Code,2000 [YR2000],2001 [YR2001],2002 [YR2002],2003 [YR2003],2004 [YR2004],2005 [YR2005],2006 [YR2006],2007 [YR2007],2008 [YR2008],2009 [YR2009],2010 [YR2010],2011 [YR2011],2012 [YR2012],2013 [YR2013],2014 [YR2014],2015 [YR2015],2016 [YR2016],2017 [YR2017],2018 [YR2018],2019 [YR2019],2020 [YR2020],2021 [YR2021]
Afghanistan,AFG,"GDP per capita, PPP (current international $)",NY.GDP.PCAP.PP.CD,..,..,943.116264973779,970.645114676507,971.811023482828,1075.67137317936,1120.89312847686,1287.06440027539,1336.21033898238,1575.31677908966,1771.19798501195,1749.93699491677,1958.44762747924,2062.05917625276,2110.82956797747,2128.12593822669,2023.83465629732,2096.09311055337,2110.23938365518,2168.13376468688,2078.59508637203,1673.14418861155
Albania,ALB,"GDP per capita, PPP (current international $)",NY.GDP.PCAP.PP.CD,3861.33300611406,4300.22273491517,4661.40269532788,5000.29565068603,5427.76712861162,5865.29135442867,6565.60987428443,7284.1278846532,8228.31159516276,8813.47173541344,9628.60713931932,10207.7247723504,10526.1610889042,10570.8968752842,11259.3036811774,11658.9145224543,12078.7003673445,12771.0541369637,13498.2495157541,14407.368334259,14078.4271096882,15471.0561731136
Algeria,DZA,"GDP per capita, PPP (current international $)",NY.GDP.PCAP.PP.CD,8510.35927933161,8840.67416571386,9354.22172489251,10088.0867695762,10653.3430333517,11478.028050346,11861.1660564982,12392.5059189428,12714.161655536,12768.9937191806,13141.1202585331,13543.5987190283,13347.3627953184,13104.7371038263,13058.1245739587,12071.8141810043,11685.4514179182,11809.4830333846,12007.7747128947,12120.4063737646,11452.2266239549,12170.1937766883
American Samoa,ASM,"GDP per capita, PPP (current international $)",NY.GDP.PCAP.PP.CD,..,..,..,..,..,..,..,..,..,..,..,..,..,..,..,..,..,..,..,..,..,..
Andorra,AND,"GDP per capita, PPP (current international $)",NY.GDP.PCAP.PP.CD,..,..,..,..,..,..,..,..,..,..,..,..,..,..,..,..,..,..,..,..,..,..
Angola,AGO,"GDP per capita, PPP (current international $)",NY.GDP.PCAP.PP.CD,3285.95341568284,3388.14868776504,3782.89222467172,3839.57282705314,4223.63778745545,4835.66952220115,5364.43766234147,6056.77918764932,6615.11498307247,6471.28487885863,6586.46581926881,6700.11409977804,7389.31496018756,7643.9219442902,8123.04806537777,7274.09047477931,7027.14663413219,7216.06137267002,7043.95535982329,6882.27912260866,6367.43731675631,6523.46361278762
Antigua and Barbuda,ATG,"GDP per capita, PPP (current international $)",NY.GDP.PCAP.PP.CD,19189.4483202303,18444.3152986474,18683.9883960014,19982.6865843469,21464.3654261776,23296.7240269624,26724.1972976173,29593.0803504902,29708.9717535717,25923.1120268421,23850.1402677498,23584.2714499711,22350.4932824863,21806.3920194394,21788.6401028276,21162.092794509,21558.9954266263,21672.0448949248,23604.836955921,24641.2293534997,20130.1690538752,22622.1761177229
Argentina,ARG,"GDP per capita, PPP (current international $)",NY.GDP.PCAP.PP.CD,11542.9860028113,11159.3299223816,9990.72022161809,10974.3241728286,12162.3374741639,13513.6702919661,14896.7335378162,16510.4482429226,17336.9328242167,16249.730130137,18063.9143432506,19322.2271236942,19641.3528638347,20131.6804246983,19683.7715056442,20105.1989918165,20307.870052142,23597.117752839,23294.0986752419,23007.8365916056,20797.7259531997,23834.4731183679
Armenia,ARM,"GDP per capita, PPP (current international $)",NY.GDP.PCAP.PP.CD,2572.4208203298,2915.45578555773,3382.06032385789,3958.32998572176,4518.26274645491,5339.90170201023,6274.02820664947,7380.23153964858,8097.3050071749,7045.33072468128,7331.38650353822,7881.77173468477,9267.39700562965,9822.94744066856,10114.93983675,10132.318975243,10966.8533270074,12509.6396064818,13549.5224245895,14924.776928318,14105.9112525331,15676.3282908496
Aruba,ABW,"GDP per capita, PPP (current international $)",NY.GDP.PCAP.PP.CD,30746.6847192965,32179.9407289433,31988.1893647276,32654.4258915852,35653.9744751721,36265.5303845399,37361.9370413717,39074.4838418559,40054.6394741559,35167.5313180673,34227.828725148,35778.4917971718,34788.2512054388,36931.0572138997,36844.0530580265,37341.1248431157,37581.7785245367,38868.3339230867,40549.6108207788,40144.6474358026,30873.6667783799,41195.9745199989
Australia,AUS,"GDP per capita, PPP (current international $)",NY.GDP.PCAP.PP.CD,26541.6653208437,27645.8348537519,29032.4909555888,30121.8184177337,31763.7728186005,33036.5834770249,34846.7156302418,36653.8417179443,37532.9990434133,40312.3951186945,39374.6059179281,42025.4645815618,42866.6043295085,45936.049310436,46914.3867078836,46292.0954391179,47289.2859136343,48418.558421681,50251.3353381469,52011.5191125621,53216.4685369712,56180.9847517007
Austria,AUT,"GDP per capita, PPP (current international $)",NY.GDP.PCAP.PP.CD,29381.6848770115,29708.49357024,31178.6933297272,32145.8705108106,33774.0180945488,35013.7140443423,37659.732973109,39435.60573762,41316.225176699,40918.5200993586,42007.2937461255,44452.7327457999,46457.3457770311,47922.0491207455,48799.7154676985,49865.9039424185,52684.0171130768,54172.9867888254,56937.944282984,59700.8636302637,57235.5458694937,59828.8828123844
Azerbaijan,AZE,"GDP per capita, PPP (current international $)",NY.GDP.PCAP.PP.CD,3381.66620983258,3770.85228711686,4159.94056320335,4639.79442615882,5159.85941090733,6740.4240629969,9243.49764554313,11732.8414907335,12969.2003782405,13972.5947839401,14678.7737395302,14804.5744507911,15957.7188502849,17188.9455056612,17443.8782563094,14938.4011276715,14371.0227410092,14121.4069355591,14551.2001141105,15054.544606509,14495.6569721312,15927.2101484962
"Bahamas, The",BHS,"GDP per capita, PPP (current international $)",NY.GDP.PCAP.PP.CD,25732.9965006504,26625.89831464,27408.4499964747,27229.956414693,27829.5248446479,29274.6456939742,30511.0520850914,31344.1962349777,30761.9272227029,29242.2905183157,29629.2525061559,30053.6711228981,30723.1730198362,29911.9168395845,31255.387707412,31746.8033825774,32112.2038931048,34067.8461834433,35647.1369697242,35780.7596716952,27595.9694509426,33614.7395177735
Bahrain,BHR,"GDP per capita, PPP (current international $)",NY.GDP.PCAP.PP.CD,39360.4320898099,40186.9453085917,41161.5625780613,42900.8133510832,44006.7127561133,44780.1156664312,45651.591942431,47380.1664464359,48078.8438742404,46708.7358567087,47929.443463014,49960.2678680839,53778.4886740831,53672.1042194471,52073.9846164495,45900.7030253586,45281.3019203255,48929.4470119951,50114.1503913545,51879.7363438765,50682.7595647482,54901.512628498
Bangladesh,BGD,"GDP per capita, PPP (current international $)",NY.GDP.PCAP.PP.CD,1574.3315699744,1659.71135589897,1717.97006163024,1803.13815309616,1916.45203801677,2074.01158534209,2253.20981719788,2451.5422131243,2625.40635930662,2751.21787760065,2906.05192045574,3119.92997299708,3493.9228210851,3734.72565106496,3997.28670060872,4216.71973918632,4558.56389477538,4830.77629051855,5247.69469583125,5699.07813423519,5904.56736266229,6522.55582642865
Barbados,BRB,"GDP per capita, PPP (current international $)",NY.GDP.PCAP.PP.CD,13022.7841493541,12965.9179575109,13217.9874764964,13718.3375860786,14231.9170595508,15203.7568396327,16562.125091808,17298.199568594,17667.4813668559,16814.0829325202,16573.8223594241,16744.3665372665,15739.0416727482,15775.0868595081,15613.2813500083,15978.8418524532,16406.2736925225,16233.7921528506,16449.6285678118,16759.3808435159,14788.3336757337,15304.129280943
Belarus,BLR,"GDP per capita, PPP (current international $)",NY.GDP.PCAP.PP.CD,5801.75812617707,6244.74774348393,6704.59228079556,7369.84590437492,8491.89483353234,9647.12117983096,11006.4559016421,12332.5029152685,13898.9996761756,14050.5715546692,15361.8316988786,16563.2014078209,18105.2867180444,18994.1901887616,19007.9973242876,18095.7034185545,17785.9431970966,18356.0660575514,19430.9092097721,20106.0689126376,20317.231920485,21928.6857574651
Belgium,BEL,"GDP per capita, PPP (current international $)",NY.GDP.PCAP.PP.CD,27789.9435461287,28793.6110538361,30282.2886450283,30934.4414026198,32063.2607941715,33177.8909458158,35256.9283814906,36795.8471504369,37883.3319417819,37749.9091897753,39838.040511042,40942.372710454,42290.7620520019,43671.11959259,44929.685593416,46200.904454307,48597.3999826201,50442.2705419624,52530.5620821347,55804.8305813929,54679.1418047701,59508.6738695093
Belize,BLZ,"GDP per capita, PPP (current international $)",NY.GDP.PCAP.PP.CD,7524.97756121552,7828.20660010823,8121.27715688497,8806.39760894338,9192.02833346928,9405.61662239633,9840.06527936784,10142.569109727,9895.0895036482,9645.41376668047,9638.91782892844,9588.60890907548,9096.72890258378,9278.691133596,9191.04275988395,9250.63950773823,9088.98734726424,8798.69905704344,8929.62453849722,9303.71800317986,8010.94498292588,9740.0709476213
Benin,BEN,"GDP per capita, PPP (current international $)",NY.GDP.PCAP.PP.CD,1724.54671037395,1802.32459760145,1858.76676518554,1902.50292259119,1979.29289911841,2011.39667736316,2090.28425488276,2210.7927096781,2294.86987751056,2294.60279263052,2302.6877910018,2350.35645152303,2427.43265922317,2590.92504537631,2745.85861163361,2792.60964526702,2901.26467091701,2933.83738431719,3113.25475826838,3290.30700011152,3364.9730117672,3665.19380352655
Bermuda,BMU,"GDP per capita, PPP (current international $)",NY.GDP.PCAP.PP.CD,53921.7736769822,58484.1524018877,58138.3998128493,60908.0397060905,63578.1922805251,66239.4667912365,71656.7235772631,75627.2475293548,75193.3463873599,71022.3078466874,70627.8221941123,69998.8434204712,67453.8205236015,68993.2274876771,68775.4467426718,71873.2280578182,76362.0514142141,81834.9558735543,83380.8749006674,85145.9436381068,80381.4454933195,86699.2519910027
Bhutan,BTN,"GDP per capita, PPP (current international $)",NY.GDP.PCAP.PP.CD,2866.75203053985,3091.691290103,3395.99311642714,3642.27689413495,3871.06395173199,4197.3026652619,4561.34767578357,5476.79777123722,5780.84517126121,6139.82065993963,6878.60268495998,7498.95552210622,8140.41451013007,8233.16878369864,8949.74096746514,9839.28726903094,10866.38475794,11619.0645094045,12218.5073478581,13061.5902726007,11802.3159251515,12795.351765707
Bolivia,BOL,"GDP per capita, PPP (current international $)",NY.GDP.PCAP.PP.CD,3364.02436571423,3436.37487036006,3514.59137568506,3617.40341020172,3802.81090401932,4025.10904617997,4273.03812270534,4509.2105538811,4794.60369958426,4902.61057678333,5079.38272115006,5363.98790270809,5814.07013496348,6500.87680686824,6920.77886136151,6992.12758144741,7345.82684148722,8244.93344575115,8669.82784866231,8890.46295366602,8110.11475624002,8885.70763881863
Bosnia and Herzegovina,BIH,"GDP per capita, PPP (current international $)",NY.GDP.PCAP.PP.CD,4127.63808651098,4290.62576157003,4653.1316468785,4911.65996395048,5405.60880256589,5959.02483138061,6878.32274651523,7696.11017208575,8595.78135704684,8698.91141920379,9089.08917869408,9757.99152824532,10109.3160983809,10788.2000073368,11148.3878335826,11826.0782621866,12869.6625492568,13582.2669822916,14801.3225273827,16118.5058181414,15871.6069425778,17484.9027690438
Botswana,BWA,"GDP per capita, PPP (current international $)",NY.GDP.PCAP.PP.CD,8922.36997837435,8964.84669172997,9478.56674449649,9937.09704587329,10298.3068912566,10907.367049142,11957.5752435946,12739.302747885,13136.4408705378,11119.806162005,12139.7497346694,12976.5291954634,12069.7185225515,12833.5439166035,14338.5740818842,13420.506600771,15277.0423219562,14656.772988721,15321.5223530076,15758.8428810438,14303.755793249,16449.1388641523
Brazil,BRA,"GDP per capita, PPP (current international $)",NY.GDP.PCAP.PP.CD,8994.74306173275,9202.87648388982,9510.82388258312,9693.55548229648,10407.8393520952,10954.8602631484,11614.4985380566,12522.5159385831,13281.0743858475,13222.7488780015,14254.5197697447,14989.1577837574,14994.3434693981,15535.723765174,15664.8017411414,14692.6323066956,14208.1611051807,14477.8617680601,14971.0546665932,15307.9412354827,14900.104216322,16260.0987486322
British Virgin Islands,VGB,"GDP per capita, PPP (current international $)",NY.GDP.PCAP.PP.CD,..,..,..,..,..,..,..,..,..,..,..,..,..,..,..,..,..,..,..,..,..,..
Brunei Darussalam,BRN,"GDP per capita, PPP (current international $)",NY.GDP.PCAP.PP.CD,66212.6098228208,68169.5022821683,70522.9035780364,72627.3339025796,73618.9315037168,74921.4136118765,79312.3333137377,80302.2199299065,79040.2883075579,76993.474621141,78784.8272242349,82300.6560453021,86588.6095204115,82305.276253661,80027.9852998551,61572.6217036362,55477.4693975286,60173.0511336013,61084.2580438679,64029.4429997241,65054.1943212652,66347.6580584904
Bulgaria,BGR,"GDP per capita, PPP (current international $)",NY.GDP.PCAP.PP.CD,6422.83277066238,6960.08330374242,7786.4484224601,8417.38546012655,9201.56567500039,10291.4238650414,11406.4566174326,12820.7483058601,14346.8298321874,14181.8878737662,14958.2722802756,15747.3923747037,16327.1287624967,16649.2524877461,17616.3879467033,18386.1125327046,20065.4793414331,21458.0493617274,23006.0810607692,25158.9222661578,25096.7049131156,27975.1743033861
Burkina Faso,BFA,"GDP per capita, PPP (current international $)",NY.GDP.PCAP.PP.CD,899.584820546202,951.314407021718,977.668518493994,1041.89856330638,1083.24931305826,1176.3572973137,1248.87304213661,1295.4671174055,1356.37219555766,1364.89564531445,1454.57874744176,1536.80894422349,1568.0668585351,1629.31783621598,1637.92805098986,1657.91610692212,1833.43305343067,1978.15501161376,2100.53092354319,2195.35561873689,2206.61225205539,2401.22808557494
Burundi,BDI,"GDP per capita, PPP (current international $)",NY.GDP.PCAP.PP.CD,532.425919852103,542.030190166285,559.112337329033,545.775539314511,566.091631453863,567.700700411859,595.205565689488,609.593595544823,625.243739608448,620.896733786154,630.358192954177,646.103127483227,651.952327282116,696.497000211236,728.870060256426,797.05011411535,766.587220607525,750.787616270977,758.249031649132,760.604126124997,751.200911855438,787.942778727228
Cabo Verde,CPV,"GDP per capita, PPP (current international $)",NY.GDP.PCAP.PP.CD,3090.4723890869,3177.18689544162,3343.94051026484,3501.59957820114,3909.3618134733,4256.04452149249,4680.12462676976,5471.65091632714,5903.59523031406,5791.92630513502,5905.33932603844,6189.69573422689,6048.41406762586,6019.80330326067,5989.40482976005,6242.70523177727,6689.80495084851,7130.85415218192,7490.14137164914,8071.88911593237,6413.5729269877,7014.40251842564
Cambodia,KHM,"GDP per capita, PPP (current international $)",NY.GDP.PCAP.PP.CD,1077.41477030367,1170.27623936242,1244.16095990144,1352.3092662483,1505.28401137868,1727.63736895055,1938.93146780636,2156.77017337614,2306.6936513814,2288.71825639734,2418.83605457979,2605.48954375604,2867.53737709889,3051.00146601056,3198.67354941944,3411.57726731649,3708.3691086602,3972.7241639191,4319.015890065,4653.63036632515,4515.70950573743,4805.08074295063
Cameroon,CMR,"GDP per capita, PPP (current international $)",NY.GDP.PCAP.PP.CD,2083.23424833488,2164.67041259965,2236.10069605618,2339.84064917022,2502.3790836283,2567.22358686321,2673.56321336677,2786.08559714249,2838.69507774502,2848.3299563577,2882.75070014928,2957.16345620614,3022.35801135338,3194.16203218593,3369.32489025983,3437.78982576215,3559.13512043726,3691.09472365252,3822.23276458654,3915.82749857609,3870.8294331089,4071.05347014774
Canada,CAN,"GDP per capita, PPP (current international $)",NY.GDP.PCAP.PP.CD,29362.0841609786,30230.8029655917,30963.0530022941,32349.9436608677,33925.7067319515,36327.2286544972,38119.4131958397,39575.3097484091,40376.3068799056,38865.4134577266,40099.4482394377,41666.7076267956,42290.9654102745,44298.5787342765,45753.7505547994,44670.0805385838,46472.3402486315,48317.1745835151,49992.7622757708,49832.4053770764,47226.3651403334,53023.4205562458
Cayman Islands,CYM,"GDP per capita, PPP (current international $)",NY.GDP.PCAP.PP.CD,..,..,..,..,..,..,75269.0991443664,77386.8151042494,76320.1659287252,69274.5712590085,66346.6280129851,66766.0423287818,65118.4454712649,64286.0055113228,64432.3505670553,65087.7173379803,66970.3135899715,69534.7719101223,72754.0098417523,75504.4485656993,71313.3403530448,76580.7372179852
Central African Republic,CAF,"GDP per capita, PPP (current international $)",NY.GDP.PCAP.PP.CD,652.393760718375,681.360011221161,701.340145279042,660.417846049021,703.37720097409,715.726242711717,757.618328911279,798.836079380152,813.832069367003,870.422304732301,902.781584213177,945.593128485274,1024.24756278492,683.96563252261,670.103823403593,733.749580708051,787.471168424675,839.600009452135,875.193717756484,898.315319932093,895.251477184961,924.91089533575
Chad,TCD,"GDP per capita, PPP (current international $)",NY.GDP.PCAP.PP.CD,773.649930394109,854.374623732515,909.461293727144,1022.52350569585,1342.19096816315,1560.65301777951,1562.90704594561,1602.44960893573,1626.03180058475,1646.50995929074,1828.67782778953,1804.06292930875,1734.84341356324,1569.49404043589,1672.9807200303,1816.28818442974,1660.98487786358,1579.76060047631,1601.13244542005,1628.24276702248,1572.60158693792,1572.97362801457
Channel Islands,CHI,"GDP per capita, PPP (current international $)",NY.GDP.PCAP.PP.CD,..,..,..,..,..,..,..,..,..,..,..,..,..,..,..,..,..,..,..,..,..,..
Chile,CHL,"GDP per capita, PPP (current international $)",NY.GDP.PCAP.PP.CD,9468.31879907546,9876.22627820737,10239.3851519995,10820.670884022,11735.1767911692,12685.0279639491,15676.5834282108,16875.7145632511,16550.4489137323,16118.3767465,18104.7245957743,20330.5245988853,21584.6812672625,22425.5894158104,22779.4276703281,22691.4866244485,23492.2878567238,24546.9124213942,25564.5367168945,25600.1927037347,24941.2350877682,28337.0732114489
China,CHN,"GDP per capita, PPP (current international $)",NY.GDP.PCAP.PP.CD,2917.24252978556,3208.22995654432,3532.08165141829,3938.73027454873,4427.13100327793,5056.40472418203,5842.77863600308,6818.92340935134,7581.45351262692,8305.76018511512,9254.77960352629,10292.940478173,11168.6972979983,11872.4973811817,12480.3385303005,12897.502286878,13483.3772664595,14243.5326108491,15497.8257403082,16655.3993636127,17209.4429541562,19484.4861576535
Colombia,COL,"GDP per capita, PPP (current international $)",NY.GDP.PCAP.PP.CD,6753.46479386828,6911.72749433127,7085.6208098397,7398.18350233824,7888.45008375475,8412.99682930896,9135.67897534929,9891.37577029778,10291.1999875576,10357.3340858966,10830.1951175574,11694.7266079337,12095.6484973702,12798.6631873849,13390.0319482201,13378.6751471778,13971.3395877313,14334.9146083622,15161.3179744309,15872.3089831645,15103.0738208886,17105.0024667059
Comoros,COM,"GDP per capita, PPP (current international $)",NY.GDP.PCAP.PP.CD,1818.02205165685,1864.20466530761,1898.09721034132,1937.86195740916,1989.61006346665,2069.17863370587,2146.12323416645,2177.67083913844,2261.34802331538,2301.97128631252,2367.77862867655,2464.35422707787,2655.73487461664,2795.2434656716,2887.06550385631,2884.77485185031,3053.30258484962,3240.17917020286,3374.0416632034,3430.21084045719,3402.87122164648,3562.54447917905
"Congo, Dem. Rep.",COD,"GDP per capita, PPP (current international $)",NY.GDP.PCAP.PP.CD,432.699339419267,420.272176632106,426.174628480242,445.5148537136,473.958929921215,502.897199875451,528.871699781478,558.900153803526,586.028749368622,587.552815360015,616.532399110794,650.436603207665,650.921589580947,731.932821307684,824.412437591915,877.680835200472,932.405165247328,1023.53983314556,1073.44690557385,1104.84336768272,1102.55351748245,1184.72048571213
"Congo, Rep.",COG,"GDP per capita, PPP (current international $)",NY.GDP.PCAP.PP.CD,3687.23224588555,3769.26533216344,3910.79743422332,3910.65411079644,4016.42944592607,4305.8699382955,4616.63511049667,4267.75686072464,4473.22706795328,4827.90709126624,5152.51778959957,5204.00083364149,6062.8227764881,5810.92238326085,5683.80645993848,4652.6623062708,3944.49675056544,4345.51912316554,4244.59631831872,4267.62152250352,3958.92424240276,4083.09343628469
Costa Rica,CRI,"GDP per capita, PPP (current international $)",NY.GDP.PCAP.PP.CD,7796.43088532162,8099.71240071143,8363.81072564361,8756.921954704,9248.12662801259,9772.46432755117,10658.2776328134,11680.5728019195,12297.2133627746,12103.3818532381,12740.3409691018,13410.3545362616,14174.6021027648,14851.13543931,15905.1479384975,16925.179408146,18898.075223414,20168.2204811346,21144.4097740325,22608.2321554976,21693.6728160587,22764.1279712431
Cote d'Ivoire,CIV,"GDP per capita, PPP (current international $)",NY.GDP.PCAP.PP.CD,3202.95174265195,3121.72784860442,3007.35726363402,2852.02043375347,2952.04126245591,3005.99833180054,3116.37115254806,3166.67153746249,3310.47535012561,3379.41256459389,3577.70698193952,3384.9309791454,3483.68978882593,3801.61647107286,4254.23089595128,4579.85145969451,4693.67504516721,4836.04836654882,5060.59742978453,5350.01014083108,5377.39444625563,5866.49575760691
Croatia,HRV,"GDP per capita, PPP (current international $)",NY.GDP.PCAP.PP.CD,10669.4317520841,11650.4336764595,12774.8264662411,13697.308642101,14694.4506998241,15455.1206240928,17636.4773292107,19575.5935960656,21032.7514174657,20274.4269438832,20091.2363233899,21139.9671117447,21509.7327594987,22182.3004425665,22409.2640184121,23391.2693041792,25318.8022870201,27267.509922792,28980.6457398275,31660.4684090677,29690.5851474465,35155.6271823045
Cuba,CUB,"GDP per capita, PPP (current international $)",NY.GDP.PCAP.PP.CD,..,..,..,..,..,..,..,..,..,..,..,..,..,..,..,..,..,..,..,..,..,..
Curacao,CUW,"GDP per capita, PPP (current international $)",NY.GDP.PCAP.PP.CD,21888.3470571227,23054.7039565463,23478.2418557463,23520.551593883,23788.3703269392,24078.3759395459,24587.7749268238,25369.9855313677,26091.948096153,25950.142230552,25953.0970954179,26251.3628228418,25186.859429047,24981.9569379245,24583.793247654,24348.8513284734,24032.932502408,24795.5934776245,24988.3138465185,24917.401660618,21022.1940908006,23272.9136131369
Cyprus,CYP,"GDP per capita, PPP (current international $)",NY.GDP.PCAP.PP.CD,21291.4140625,22865.5078125,23556.408203125,24280.845703125,25945.037109375,27763.154296875,30011.01953125,32885.1015625,34830.078125,33886.58984375,33423.06640625,33313.4765625,31834.271484375,30374.90625,30080.26953125,31815.298828125,35718.73046875,38288.26953125,40559.51171875,44041.91796875,41734.54296875,46110.09765625
Czechia,CZE,"GDP per capita, PPP (current international $)",NY.GDP.PCAP.PP.CD,16238.6122409225,17624.4372194069,18252.5727653685,19539.0572771758,20932.1973998463,22095.3878539836,23922.1571505868,26285.7011200096,27974.487131849,27761.7961673979,27880.5425661603,29001.3680365492,29254.7312685144,30818.1081558477,32502.4753540118,33899.2865661657,36097.7052556977,38824.8879170919,41143.8270486711,44212.7465021167,42827.0600062247,45630.0378065012
Denmark,DNK,"GDP per capita, PPP (current international $)",NY.GDP.PCAP.PP.CD,28663.6518809203,29442.9622908975,30640.3456230968,30821.943177174,32938.8828843292,34150.1594558945,37331.9800791967,39011.1393871609,41278.3268270571,40331.824225527,43000.8566352401,44403.3848413929,44803.9682421214,46726.8541437832,47901.4473627066,49045.3391904109,51976.0057060956,55356.680780178,57482.9623999067,59910.6648428991,60753.4340598052,66086.8794551088
Djibouti,DJI,"GDP per capita, PPP (current international $)",NY.GDP.PCAP.PP.CD,..,..,..,..,..,..,..,..,..,..,..,..,..,3730.36651230337,3897.11431214617,4144.97437037023,4263.13340598945,4451.68384614482,4699.70967027594,4970.33421940026,5025.84273613775,5412.67431747505
Dominica,DMA,"GDP per capita, PPP (current international $)",NY.GDP.PCAP.PP.CD,6633.07340850224,6797.37800502648,6697.38013305281,7244.34825192445,7650.99534231551,7931.10488260115,8548.31024735836,9332.59888776275,10187.8809181854,10132.5238139,10328.0742198196,10521.0831482032,10245.1427621303,10470.2632741031,11184.6419540366,11327.0814065906,12159.6207660102,11511.6064241415,12134.1656882497,12921.1246600288,10830.3283754644,12027.0484845933
Dominican Republic,DOM,"GDP per capita, PPP (current international $)",NY.GDP.PCAP.PP.CD,6697.52125743461,6913.04439955363,7231.22498603896,7172.966415408,7451.83523534101,8298.49512928288,9219.26706744999,10042.9091202133,10430.093008146,10458.8535944707,11317.472532971,11760.6418938012,11781.8868715091,12348.4253354838,13321.7670656573,14564.9469530273,15911.1543901247,16524.5338420587,17904.4502873475,18941.7167791279,17707.6878853385,20553.0995072967
Ecuador,ECU,"GDP per capita, PPP (current international $)",NY.GDP.PCAP.PP.CD,5857.49602188349,6123.75719042114,6362.49650203443,6549.19622691656,7151.69692844863,7633.47079951575,8075.33299900992,8330.83397706331,8877.78098746324,8835.38664603911,9104.36406319143,9861.50358079158,10304.8889975552,11142.6783620139,11708.6529969655,11071.2947208291,11068.8568481159,11679.4302342769,11887.4922454745,11873.2893067757,10937.1067659167,11772.5289641273
"Egypt, Arab Rep.",EGY,"GDP per capita, PPP (current international $)",NY.GDP.PCAP.PP.CD,5581.58759758699,5788.83176273748,5895.00533298402,6075.14513550489,6362.90444845712,6721.25308311943,7260.11803687592,7830.48935148411,8385.94489564719,8663.00247168304,9033.34440516636,9178.85358944855,10506.9681019305,10623.7378888843,10306.9158926043,10890.2417857169,10593.7478005893,10995.0056689479,11636.4988438313,12280.6063924863,12661.181204072,13440.6194116398
El Salvador,SLV,"GDP per capita, PPP (current international $)",NY.GDP.PCAP.PP.CD,4410.68213999298,4527.22394206947,4652.09319364137,4805.71701810257,4971.34793419768,5262.80810711318,5663.65859083786,5914.68771380769,6133.67452391685,6019.90895281215,6200.23976659878,6542.94498027132,6622.57462932175,6966.57224149774,7332.90444933331,7712.37270522968,8174.47412527597,8617.92170824529,9024.79266988161,9398.02882143611,8759.14515976971,10140.9727557659
Equatorial Guinea,GNQ,"GDP per capita, PPP (current international $)",NY.GDP.PCAP.PP.CD,7617.72058379717,12119.4663738759,14024.4904417034,15563.0627818226,21074.6166064948,24249.8704711482,25714.1563513609,29052.4912761558,33261.8694024872,32341.2834052657,28424.5193646018,29556.1131009785,32457.5507821101,30083.8920985237,29197.6917281299,20858.0964445122,17771.5627993416,19617.8447053636,18192.0499087507,16929.1427706189,15888.2846106791,16254.6019266242
Eritrea,ERI,"GDP per capita, PPP (current international $)",NY.GDP.PCAP.PP.CD,1462.7410222242,1581.02966245979,1598.41844048938,1523.31502486461,1523.88399823824,1573.08209561323,1578.93833300922,1618.84910743023,1449.06352496892,1476.51524777382,1496.07677946095,1628.75050902937,..,..,..,..,..,..,..,..,..,..
Estonia,EST,"GDP per capita, PPP (current international $)",NY.GDP.PCAP.PP.CD,9423.12010105601,10316.2499165803,11663.2715046648,13133.2295806355,14536.4357518937,16634.8927393745,19344.0518292848,22198.0167377302,22802.3421764634,20478.090033102,21618.3569485855,24557.2361475947,25996.0467779508,27464.5186781161,28945.4653303277,29175.9259267894,31312.7522996878,33821.93290847,36410.1220937377,39007.1659628423,39441.849084436,43476.8542259429
Eswatini,SWZ,"GDP per capita, PPP (current international $)",NY.GDP.PCAP.PP.CD,4601.88606874065,4705.42569697428,4943.39322633217,5197.04912994515,5493.80164500431,5971.67024989647,6489.39383360385,6920.10034725332,7072.52756517362,7196.13785201138,7524.31039369291,7814.51844166433,8027.3054882824,8463.33412798927,8557.26528645667,8580.6399912768,8488.44930687642,8213.9206193606,8544.51575774353,8861.8149149591,8754.78603812186,10026.795235808
Ethiopia,ETH,"GDP per capita, PPP (current international $)",NY.GDP.PCAP.PP.CD,476.528464196205,512.520781339025,513.120316650617,497.275623822034,563.508562084278,631.673170550399,701.600498674121,780.532556968826,856.659778813973,912.108359381051,1010.02202703432,1114.04597197907,1191.44062232971,1261.11329988192,1488.62575532765,1630.87746187943,1848.66111635863,1987.96875367138,2117.15936214803,2274.18556583461,2379.44788754796,2559.09732379147
Faroe Islands,FRO,"GDP per capita, PPP (current international $)",NY.GDP.PCAP.PP.CD,..,..,..,..,..,..,..,..,..,..,..,..,..,..,..,..,..,..,..,..,..,..
Fiji,FJI,"GDP per capita, PPP (current international $)",NY.GDP.PCAP.PP.CD,5679.52094705688,5861.59028020456,6081.4836973465,6202.11405171091,6641.23702647774,6832.56783916253,7107.58099116847,7176.09574988747,7339.13893957574,7246.21285548311,7518.39329745748,7854.56662555927,8393.2607979997,9036.7683509059,10738.2663948957,11755.0861781429,11999.677660921,12822.0135997922,13631.1751455916,13803.1353861187,11575.8606853482,11453.4188102158
Finland,FIN,"GDP per capita, PPP (current international $)",NY.GDP.PCAP.PP.CD,26789.8786675397,27801.0248047506,28605.1223159604,29052.9651740448,31201.9273082682,32051.7940038456,34452.8997434792,37843.1170548407,40083.6972699668,37972.6512550085,38954.4822621329,40916.8385790274,40873.0953326066,41493.1416470359,41757.4021894413,42497.7049785783,44934.4482077785,47570.133583848,49579.3310008278,51811.5573678339,52305.2893109382,54778.2690061036
France,FRA,"GDP per capita, PPP (current international $)",NY.GDP.PCAP.PP.CD,26091.8497351531,27490.8672643761,28518.8252206252,28168.6180973501,29055.3527505428,30494.2141075076,32462.9600728714,34122.7072748669,35092.6943078696,34676.3639942676,35899.4019413514,37439.2331426991,37677.7267932587,39521.6969847538,40144.0268283679,40849.9973780501,42924.613626021,44577.0645745394,46537.4740442591,50500.96075877,48288.3562301342,51378.225657086
French Polynesia,PYF,"GDP per capita, PPP (current international $)",NY.GDP.PCAP.PP.CD,..,..,..,..,..,..,..,..,..,..,..,..,..,..,..,..,..,..,..,..,..,..
Gabon,GAB,"GDP per capita, PPP (current international $)",NY.GDP.PCAP.PP.CD,13352.0772238723,13585.2356267981,13402.5027845575,13602.0736356982,13679.3375721078,14076.1962998095,13688.5822073369,14448.8944097361,13792.0299962063,13448.2995472784,14084.5380314089,14863.4623434247,14628.6158794216,14437.7597324564,14721.9011453059,14113.8276706617,13749.8325459881,14478.1303050188,14597.1473084946,15092.030603472,14682.0637700704,15252.561263438
"Gambia, The",GMB,"GDP per capita, PPP (current international $)",NY.GDP.PCAP.PP.CD,1752.25325562527,1841.95085113477,1759.00527470363,1863.05618772962,1989.54836954395,1945.5836051962,1935.12030950206,1985.71699326614,2084.66489695298,2169.26937292909,2254.05060363352,2049.34900065041,2033.28100144189,1960.5849413212,1874.26266501645,1913.41534731054,1918.69701578381,1927.0399420242,2060.97463164647,2171.66461702187,2157.0350327961,2291.40428761776
Georgia,GEO,"GDP per capita, PPP (current international $)",NY.GDP.PCAP.PP.CD,3102.62625136514,3376.96175669009,3649.92568608986,4161.5730601326,4548.98521312388,5174.30883005271,5869.68743175716,6822.11118053641,7142.78306443797,6987.93651431798,7567.66412576382,8360.29720703065,9826.05275341086,10611.7741169939,11575.547210705,12089.1694050447,12858.4834001898,13589.7073915159,14596.069289313,15624.9700213762,14748.6321080538,17088.8810512761
Germany,DEU,"GDP per capita, PPP (current international $)",NY.GDP.PCAP.PP.CD,27204.2933736075,28373.9741929629,29178.6374658122,29909.6751784674,31334.0153417535,31794.0960095207,34158.1283737265,36292.07670786,37802.3874303197,36816.2071751134,38950.7108756447,42541.5310884096,43359.6148271723,44993.8927459315,47011.5510935131,47609.7810045816,50579.6839299266,53071.4555699913,55195.8405428372,57411.5705910313,56454.2794274403,59055.2414596188
Ghana,GHA,"GDP per capita, PPP (current international $)",NY.GDP.PCAP.PP.CD,2311.54783513161,2393.65112731972,2471.48222270765,2580.31274806053,2724.26809554339,2897.36751396547,3095.14540406283,3231.66260665711,3503.70945387646,3604.43231274937,3839.88575775856,4362.59288242843,4877.5822138332,5118.24213855469,5376.3088285794,5021.78868729592,4811.5728157153,4929.56795405121,5248.46349037158,5572.66918900611,5558.35626430583,5981.61764177505
Gibraltar,GIB,"GDP per capita, PPP (current international $)",NY.GDP.PCAP.PP.CD,..,..,..,..,..,..,..,..,..,..,..,..,..,..,..,..,..,..,..,..,..,..
Greece,GRC,"GDP per capita, PPP (current international $)",NY.GDP.PCAP.PP.CD,19519.9568147057,20958.7940054903,22615.9356074635,23897.8266122085,25460.5993744257,25577.5241052346,28547.2965623332,29323.9797257377,30856.0118395987,30359.4511457499,27911.6974278536,25671.5160853562,24911.119631324,25986.6503155014,26625.0618096799,26760.3633030256,27511.8010160972,28604.8609402657,29617.5483399732,31155.2614037483,28349.4919951984,31477.812084447
Greenland,GRL,"GDP per capita, PPP (current international $)",NY.GDP.PCAP.PP.CD,..,..,..,..,..,..,..,..,..,..,..,..,..,..,..,..,..,..,..,..,..,..
Grenada,GRD,"GDP per capita, PPP (current international $)",NY.GDP.PCAP.PP.CD,7306.11595798598,7285.34136871304,7632.34935746045,8479.68151165971,8589.63712526091,9967.9581408909,9799.74630479229,10610.430054609,10843.316217904,10121.7404483122,10120.4261607276,10330.0829751361,10348.998514142,10995.5692552144,12039.1120455495,13036.5608185486,13810.3877507994,14870.0314945401,15772.0480359911,16046.9091506922,13913.5316148746,15104.4645356728
Guam,GUM,"GDP per capita, PPP (current international $)",NY.GDP.PCAP.PP.CD,..,..,..,..,..,..,..,..,..,..,..,..,..,..,..,..,..,..,..,..,..,..
Guatemala,GTM,"GDP per capita, PPP (current international $)",NY.GDP.PCAP.PP.CD,4758.24808060095,4860.75066989961,5009.58647766029,5126.23346929034,5314.81560180174,5544.67670718747,5900.851227424,6318.32028813515,6524.60973733199,6474.79693497431,6618.91603119075,6910.87650155221,7204.73293807874,7446.58800936721,7758.49316980639,8194.44068126819,8221.74642722194,8322.21680991504,8672.71778183822,9040.8341127902,8859.0117398945,9850.90466668914
Guinea,GIN,"GDP per capita, PPP (current international $)",NY.GDP.PCAP.PP.CD,1208.83367896613,1264.78947180572,1330.04208328966,1342.78467147009,1381.36872758211,1438.63838024842,1470.03047722565,1576.12203619966,1632.94005162767,1585.79151492563,1641.25010623557,1726.18230728744,1772.70493061617,1784.69049911065,1775.50162800066,1789.01845338399,2045.09436780789,2383.57886733462,2531.14057529939,2653.08255576108,2749.98350531136,2913.50948385226
Guinea-Bissau,GNB,"GDP per capita, PPP (current international $)",NY.GDP.PCAP.PP.CD,1045.577117963,1069.48305716591,1051.77990648373,1054.06037421892,1086.35276609026,1140.52624531371,1173.62667590864,1213.37130115888,1243.79732527636,1261.09703622198,1301.00435881137,1398.11714311146,1316.16757045201,1324.60821106599,1338.01563292886,1551.03412227647,1697.12904509961,1872.30928139809,1896.40698320205,1970.71280957178,1904.6586341987,2020.85486582107
Guyana,GUY,"GDP per capita, PPP (current international $)",NY.GDP.PCAP.PP.CD,5903.8197788813,6168.28113343198,6331.08530333175,6413.20293695939,6689.52560806232,6771.06158772148,7351.01976643606,8112.34546070431,8439.50565959641,8834.22343165941,9351.78792317124,10092.0824863061,10640.67256082,11198.1601399341,11130.4944719803,11382.2423763029,11479.4620067513,12193.6216799111,12671.6907730676,13364.2356558326,19462.9678636695,24193.5664688255
Haiti,HTI,"GDP per capita, PPP (current international $)",NY.GDP.PCAP.PP.CD,2213.01488189344,2214.97754458949,2233.84070734052,2316.90643184952,2308.64926598272,2413.68264074886,2489.97904183478,2633.70663532947,2711.12747047856,2843.08508878546,2683.68866152215,2846.88118194415,2801.3504022268,2992.43035062304,3005.80042244986,2938.04475749392,3138.54112526706,3200.04218273139,3286.586198242,3244.29203133087,3136.84949392972,3179.25795648835
Honduras,HND,"GDP per capita, PPP (current international $)",NY.GDP.PCAP.PP.CD,2556.41930398273,2614.06753699051,2683.04728598003,2788.13172474921,2966.63093046337,3167.05995069493,3398.06769164011,3622.03616739365,3763.50326014699,3617.1589038014,3719.19614992612,3863.65134117965,3963.01577747711,4067.28931450265,4368.55568198245,4729.15332160905,5043.87148926827,5447.69879159062,5694.95854300159,5851.74245842515,5309.79017806841,6148.66446431005
"Hong Kong SAR, China",HKG,"GDP per capita, PPP (current international $)",NY.GDP.PCAP.PP.CD,28221.0619438958,28805.6275430999,29607.8233157114,31176.4064954207,34528.1423630369,38075.1670953201,41741.3601209286,45250.2075544218,46818.4745802232,45861.0185298932,49190.5961019125,52277.4664432843,52234.5923178244,53691.8374784984,54781.6471649487,56408.936273748,57225.0899950887,59842.2129961658,62523.1355943249,62119.4019299544,59022.8355499417,66248.8127682345
Hungary,HUN,"GDP per capita, PPP (current international $)",NY.GDP.PCAP.PP.CD,11855.4647144563,13210.4577072776,14526.3882629125,15479.0267313641,16268.9388494147,17108.3405820025,18382.5585524133,19096.7054718031,20721.5024106144,20722.8869878588,21741.5458361018,23029.4471782091,23267.448392909,24547.9805346257,25691.5272556351,26798.8541676269,27941.9268571832,29496.1636824744,31908.863454349,34645.5653834313,34169.9222845578,36735.9098953631
Iceland,ISL,"GDP per capita, PPP (current international $)",NY.GDP.PCAP.PP.CD,29784.8365494525,31882.1464036607,32607.1058796568,32700.8921579382,35616.4037879039,37322.7399272793,39697.7631224091,41468.673977987,43728.1140564123,41864.6193469979,39773.2635291597,40936.867830513,42004.4476110597,44409.6689530904,45996.9687476901,49201.0640964553,53480.3971946764,55638.4920591796,57197.7676247173,59650.8272332145,54335.8705317404,58293.9781465503
India,IND,"GDP per capita, PPP (current international $)",NY.GDP.PCAP.PP.CD,2087.22477605814,2197.10940358716,2275.44150646389,2459.95391561161,2680.89808067589,2936.56044322775,3221.69777778747,3510.38877423746,3636.06037101557,3892.53003085727,4215.58082753946,4467.46665451679,4827.94597281719,5016.92874631249,5187.25575944641,5412.33623878395,5778.2696139291,6112.06664981487,6590.8823009363,6897.77003734099,6517.76138713158,7367.9946647152
Indonesia,IDN,"GDP per capita, PPP (current international $)",NY.GDP.PCAP.PP.CD,4681.91945001153,4892.35251535142,5121.33453984212,5399.32871003071,5749.52145141959,6188.85553221385,6643.88072205615,7161.81072808175,7638.00957527744,7941.16633276883,8430.61541737509,9022.72137960157,9645.14919678524,10009.0106984785,10233.985273926,10219.1764136999,10482.6989966051,10941.9209510231,11671.4323303214,12360.6917362653,12160.7167616838,13086.3924176102
"Iran, Islamic Rep.",IRN,"GDP per capita, PPP (current international $)",NY.GDP.PCAP.PP.CD,10871.1334112609,11188.9894957092,12162.4185723888,13349.5052804034,14073.0756527963,14738.1522385547,15707.8585182705,17196.2896119001,17330.673031346,17379.40321201,18348.5152746936,18981.2307962315,16757.1920745737,15939.6805287849,15704.9164160443,13828.4385744264,14661.8394415995,15163.292311303,15044.3691447389,14681.6873154341,15240.7729143267,16557.0461822083
Iraq,IRQ,"GDP per capita, PPP (current international $)",NY.GDP.PCAP.PP.CD,10538.535399507,10622.1277022804,9590.30547395891,6008.4055486226,9194.7984835556,9359.55895405385,10120.1625074583,10680.0618942476,11555.7441656576,11597.8340136545,12098.9031111676,12825.6374233096,14279.2651536542,14517.4826075909,13005.7538004012,9198.73782919347,8920.04123490082,9976.85494186285,10235.3363597344,10736.1222640072,9343.7344106979,9695.62646494157
Ireland,IRL,"GDP per capita, PPP (current international $)",NY.GDP.PCAP.PP.CD,30211.4822185044,32573.5306026629,35222.028724352,36284.9279769182,38733.5841697431,40466.2343515711,44229.5245813434,46779.3963473064,44169.0943411644,41471.4941024978,43208.2445279926,45116.9884078781,46283.7289661063,47797.1496727706,51238.8003290093,69214.4219991568,71410.3692705502,78168.9677375394,84918.3383814459,89628.8358075633,94550.6662508762,108516.987583158
Isle of Man,IMN,"GDP per capita, PPP (current international $)",NY.GDP.PCAP.PP.CD,..,..,..,..,..,..,..,..,..,..,..,..,..,..,..,..,..,..,..,..,..,..
Israel,ISR,"GDP per capita, PPP (current international $)",NY.GDP.PCAP.PP.CD,25688.082339679,25740.79456021,26044.7434929454,24648.2709132349,26056.3452967093,25625.0390437377,26336.4282199359,28175.2072626615,27994.9010716685,27903.1170522185,29298.9619535395,31161.7241769623,32322.6935237199,34740.4016861586,34740.3109095722,35864.2730015837,38208.3562401672,39448.1391458162,40231.9052581114,40937.0095634177,40219.2685206562,44033.0602292499
Italy,ITA,"GDP per capita, PPP (current international $)",NY.GDP.PCAP.PP.CD,27077.6327318395,28039.0928933431,28736.5771073504,29198.3992679196,29554.8625599073,30130.6444569128,32451.493477489,34145.5460579613,35523.2713104342,34603.2558565479,35156.6683877865,36598.0149693024,36486.2967870302,36314.6971007775,36194.873918843,36899.3852092463,39926.9546628592,41581.120790548,43036.2437770367,45799.7722515421,43150.1182435362,47591.8619565291
Jamaica,JAM,"GDP per capita, PPP (current international $)",NY.GDP.PCAP.PP.CD,6451.89964905602,6652.3705724719,6857.45287332741,7214.2146564558,7469.31422590374,7735.11423215028,8165.91973264516,8470.29026743318,8530.6090087306,8178.96334762807,8122.35000451553,8396.88131746746,8431.37511701029,8703.54096038148,8823.10863966968,9095.91982375761,9533.83414772863,9984.57711737026,10405.0339727082,10678.8416697581,9721.9701418673,10598.9270210169
Japan,JPN,"GDP per capita, PPP (current international $)",NY.GDP.PCAP.PP.CD,27287.2701912718,27942.346651133,28623.5884479367,29392.2489916186,30830.6584466434,32169.867493646,33634.6317066787,35015.9865745127,35273.791152156,33547.2834245767,35335.3735103814,36214.4397740241,37605.9742614539,39402.0250988025,39555.4120089198,40898.80697396,40596.9686628994,41444.2157443914,42141.9352987759,42270.9627920042,41683.9155842443,42833.8513340851
Jordan,JOR,"GDP per capita, PPP (current international $)",NY.GDP.PCAP.PP.CD,6008.92397355985,6333.8944819562,6659.91016756894,6915.90387016512,7520.00493437572,8171.8364419497,8510.71097304898,8874.17031277919,9464.33970263345,9785.72110570735,9912.17240787013,10133.7715158402,10308.0439469425,10320.7978810211,9457.5967281339,9237.7181841311,9056.90986635996,9629.10299712751,9814.92430533891,9939.03693667654,9748.10046489434,10350.4879787947
Kazakhstan,KAZ,"GDP per capita, PPP (current international $)",NY.GDP.PCAP.PP.CD,7725.00252316715,8980.6743848737,10014.0506907311,11123.8901303103,12432.3662342781,13941.5008824226,15742.0640268931,17406.1611162386,17985.3857377433,17958.3126584811,19227.1844016305,20779.4442514491,22032.1745436853,24504.7660856694,24726.4728671586,23224.1178353573,23818.8248260141,24862.9661245889,26158.4457696504,27469.4150964182,26782.1001805575,28811.8788302874
Kenya,KEN,"GDP per capita, PPP (current international $)",NY.GDP.PCAP.PP.CD,1893.76401958206,1949.66935022152,1931.39492994092,1967.99418440774,2061.41530986453,2185.60266227904,2328.56070406947,2480.65158815105,2459.72774223816,2482.75098555866,2639.63477419107,2758.24150950404,2870.68026078071,3147.94928383178,3421.24596070054,3763.76368561997,4025.84174664847,4312.90891724989,4572.14993656962,4796.3540950586,4749.27696689267,5236.61216265411
Kiribati,KIR,"GDP per capita, PPP (current international $)",NY.GDP.PCAP.PP.CD,1494.32754771408,1477.16951666742,1525.51678343516,1554.8299807865,1539.18351464766,1633.12828478103,1650.42587553208,1697.05045624577,1661.36998613898,1653.16289288963,1623.66710433867,1657.8170061408,1747.77821689118,1824.71269742277,1811.68967372616,1980.66873604375,1960.61347292039,1970.82588122744,2088.45892825737,2046.81068022741,2003.32340083811,2215.72978938238
"Korea, Dem. People's Rep.",PRK,"GDP per capita, PPP (current international $)",NY.GDP.PCAP.PP.CD,..,..,..,..,..,..,..,..,..,..,..,..,..,..,..,..,..,..,..,..,..,..
"Korea, Rep.",KOR,"GDP per capita, PPP (current international $)",NY.GDP.PCAP.PP.CD,18538.8355325592,19724.4259457229,21396.8377455369,22095.870826347,23773.8286536781,25186.8675668092,26884.2673283358,29064.9180846867,29946.0774891302,29508.3815060615,31736.6284370925,32546.7536531234,33557.1287196434,34244.3121393117,35324.4976704773,37902.4004037578,39575.4542830031,40957.4180587145,43044.2917633371,43410.3022035098,44694.7336959843,47068.5364026964
Kosovo,XKX,"GDP per capita, PPP (current international $)",NY.GDP.PCAP.PP.CD,..,..,..,..,..,..,..,..,6545.42557318079,6863.69446304432,7231.00285613936,7780.59446355734,8039.20797587193,8383.39731100099,8649.44949912371,9357.13513577285,10007.6892341976,10436.1688459323,11013.7280668363,11798.4880096804,11306.2223383017,13113.6975469988
Kuwait,KWT,"GDP per capita, PPP (current international $)",NY.GDP.PCAP.PP.CD,59312.0937239183,59045.2697576763,60092.7611195619,70043.6350090242,77375.4430529748,85033.2051698545,89139.7819054651,91484.7303530321,90355.243675395,80128.4492240415,75193.7118972568,78780.7284892953,81564.6333043905,75486.7153788054,68766.2684945365,46346.7035918815,43678.5163224538,50007.2995366017,50119.6247627465,49321.4723671014,46382.8997432743,50295.2825400107
Kyrgyz Republic,KGZ,"GDP per capita, PPP (current international $)",NY.GDP.PCAP.PP.CD,1861.62166064397,1985.93021882352,1998.10710417551,2158.04198301859,2343.15793959721,2385.33801435189,2508.12887354534,2769.43336234714,3030.75290303644,3100.55697556474,3085.99019065215,3297.36683733652,3618.14972576533,4042.89305300409,4281.82407398556,4214.82950886186,4681.17473284247,5046.69153549094,5256.55589410223,5481.38013990626,5059.00138510198,5418.07495060655
Lao PDR,LAO,"GDP per capita, PPP (current international $)",NY.GDP.PCAP.PP.CD,1793.78327907313,1908.4642493186,2021.28879686874,2154.35086006809,2320.56066859351,2526.29555141101,2784.17824583482,3028.39135152386,3276.72519090272,3491.58604053439,3778.15390636514,4106.34223302081,4793.83289949539,5241.84600214602,5828.375006622,6126.44061262459,6798.3603075641,7211.25908924885,7727.75255071461,8172.57792327144,8198.83647346487,8658.80903945646
Latvia,LVA,"GDP per capita, PPP (current international $)",NY.GDP.PCAP.PP.CD,8040.57590284217,9045.95411585928,10081.1918636281,11061.4691389965,12278.7385761763,13913.8517478568,15857.0125274637,18238.6077566489,19573.1553855671,17024.6369731185,17706.7854369949,19248.5352375063,21290.4595879,22639.0683375842,23815.8000623115,24972.7860869932,26721.7261996961,28673.5633962664,30877.0419264805,32814.2643459933,32817.4401818392,34769.6384513289
Lebanon,LBN,"GDP per capita, PPP (current international $)",NY.GDP.PCAP.PP.CD,7952.95623747671,8312.48084804017,8618.18258660584,8954.79152496334,9659.28746264773,10079.3834118835,10379.6584945335,11435.2684345724,12508.6857749262,13698.9340278502,14835.3725783442,15125.822947491,15840.895779328,15584.6239866504,14985.5236961443,15379.5997847163,16588.0866297906,17808.0768860143,18368.7981230584,17913.8848372897,14563.7705343443,14330.5156325828
Lesotho,LSO,"GDP per capita, PPP (current international $)",NY.GDP.PCAP.PP.CD,1276.1318512183,1350.78720928892,1383.1108000278,1478.05199841457,1549.35851042751,1659.98573291594,1784.17266764512,1902.69488834876,2034.45088153673,2007.57608491084,2124.41022149495,2252.03620707547,2264.2835801788,2506.94711499017,2734.85986122408,2990.86729296457,2918.24021630272,2571.0740273731,2561.56579666799,2538.56964348551,2349.89760919224,2470.97977515337
Liberia,LBR,"GDP per capita, PPP (current international $)",NY.GDP.PCAP.PP.CD,976.243155021094,997.609540943384,1024.16407683257,723.737155468991,753.531100830958,782.16470364386,823.487383327847,881.161914273149,923.798372710104,948.620097529854,989.469176541254,1050.72508381553,1149.99361619166,1331.33453423316,1367.66846286359,1272.596565446,1393.54398465651,1533.41123787771,1558.31683493886,1517.37293329666,1461.34144690879,1570.47437952052
Libya,LBY,"GDP per capita, PPP (current international $)",NY.GDP.PCAP.PP.CD,21215.2301567334,20821.5239389036,20441.8582342541,22974.8845558259,24016.2506193372,26995.6939597273,28965.9570894267,30960.4071192785,30839.5002000938,29056.5061370635,30257.0112784627,16091.4359862225,29393.2769424583,24136.0705468896,20809.5930273525,22163.1407961987,21871.7681024275,24212.9109270915,26352.833120488,23491.2000624256,16495.9902211392,22371.380781578
Liechtenstein,LIE,"GDP per capita, PPP (current international $)",NY.GDP.PCAP.PP.CD,..,..,..,..,..,..,..,..,..,..,..,..,..,..,..,..,..,..,..,..,..,..
Lithuania,LTU,"GDP per capita, PPP (current international $)",NY.GDP.PCAP.PP.CD,8447.02118679234,9437.51483915171,10480.6960970491,12068.2416865717,13030.5177687759,14510.5967849364,16481.4127820948,19096.7122984554,20721.0131961211,18117.6566174638,20096.6468533164,22884.9262304,24703.6858202502,26721.5796712844,28184.4723303858,28834.4276801135,30925.1708493589,33761.871239796,36376.5278839032,39992.5692153148,40211.837273402,44049.9690643002
Luxembourg,LUX,"GDP per capita, PPP (current international $)",NY.GDP.PCAP.PP.CD,55127.9261810566,56136.0063616552,58575.6792717544,60199.5387727809,64692.937124002,68787.8547494266,78873.3813056378,85120.6879194573,90970.7211980147,86876.7196429289,90357.0975187951,94475.0302265023,96636.426643956,100925.011992241,105296.284588232,107859.685999308,113365.176082265,114985.842235989,116498.512080919,119652.804950128,119534.620915988,131630.774358308
"Macao SAR, China",MAC,"GDP per capita, PPP (current international $)",NY.GDP.PCAP.PP.CD,34584.1785910296,35786.0513539855,38654.1810184019,42781.189656604,54107.9225045787,58695.5387429349,66798.0084688082,76482.4255442918,78504.5803068395,77954.2317968497,96181.9457627427,116537.537811435,129705.121459921,149421.592694249,149325.171801762,113813.739005369,112351.277234359,122838.382786163,131302.826338343,127747.219110728,57992.2133399872,73734.0816117443
Madagascar,MDG,"GDP per capita, PPP (current international $)",NY.GDP.PCAP.PP.CD,1258.48687455598,1323.53967191427,1143.02579802738,1242.64390916575,1304.33831533283,1368.61845328756,1444.12259480355,1522.62812315795,1608.48065046575,1509.96152427936,1494.13023699004,1506.46799990919,1489.63149802035,1494.68537098702,1515.59830020438,1508.44270598406,1568.3893573884,1548.15642479839,1594.76149230168,1652.71334671339,1516.65423219176,1635.74014825093
Malawi,MWI,"GDP per capita, PPP (current international $)",NY.GDP.PCAP.PP.CD,981.699003785598,931.526255564738,938.803237071674,986.548357452722,1040.11747775466,1077.89628065334,1131.21803664536,1237.73594621472,1319.33420118914,1397.17671127034,1468.09520783593,1528.11656048512,1486.90931912267,1594.53399829193,1552.27468083005,1457.13940603904,1475.11961229057,1454.77749244971,1513.96703495532,1582.0707248913,1573.03948273011,1645.40371503016
Malaysia,MYS,"GDP per capita, PPP (current international $)",NY.GDP.PCAP.PP.CD,13038.5347897317,13061.2604892083,13632.5350241,14351.4149668154,15367.4433996851,16314.3091398153,17364.5023802826,18549.0271227554,19408.6705311668,18860.4807172444,20146.9616228331,21308.2157821446,22527.0010497572,22959.2017588422,24012.8250919123,24164.9596770962,24864.0392388323,25935.1395225396,27480.9549227598,28848.1008541329,27300.2667960893,29139.3704951624
Maldives,MDV,"GDP per capita, PPP (current international $)",NY.GDP.PCAP.PP.CD,8517.60639792762,8225.77609370849,8809.1074000313,10048.2283126733,10740.7004117311,9677.85249045841,12041.9187600723,12811.3087589383,13732.9166616154,12251.4534296621,12786.8731705609,13684.5992846906,13954.2758567785,15236.1014559736,16600.779049084,17598.5759442047,18354.1933871386,19221.9669983717,20634.0109257286,21878.2211209175,14582.8665410054,20698.425899192
Mali,MLI,"GDP per capita, PPP (current international $)",NY.GDP.PCAP.PP.CD,1103.74326386229,1263.39724511522,1282.12083932436,1381.62591335669,1394.53967565895,1482.43750538859,1547.41817276076,1591.33496025671,1644.35901407,1678.88169119726,1732.13084831016,1766.843103581,1706.67910207368,1753.87977832642,1847.91007247323,1957.00349503136,2103.00864786621,2153.84563800797,2238.11810842788,2313.15909415929,2242.79170220215,2340.01919940458
Malta,MLT,"GDP per capita, PPP (current international $)",NY.GDP.PCAP.PP.CD,18357.9887783631,18513.5357788991,19599.941261469,20930.4265640916,21545.5699864635,22306.5911690754,23317.5586895117,25061.8615663616,26523.414381158,26650.9663513616,28722.3491596734,28973.1666967941,30243.5879647977,32295.6147717535,34344.1002327532,37455.2049818655,39705.4248418466,43493.7249806974,45874.7758593082,49565.4409253982,45322.1679695968,50788.5413723628
Marshall Islands,MHL,"GDP per capita, PPP (current international $)",NY.GDP.PCAP.PP.CD,2280.05704662504,2481.91991119465,2610.92587730966,2619.57732965686,2730.18709218565,2871.22341257082,2973.37659712735,3167.99197883587,2994.17341979023,3137.80783576647,3359.57629335879,3450.78201819096,3520.36106431193,3772.83086336447,3869.18715418768,4071.46555487865,4294.40396021853,4649.23115007632,5161.47788392704,5961.74768399034,6045.39307991084,6594.29953549562
Mauritania,MRT,"GDP per capita, PPP (current international $)",NY.GDP.PCAP.PP.CD,2964.59288928368,2934.39259494864,2957.18037958961,3155.55427985659,3320.77114876099,3637.09046969764,4337.52044543443,4266.91766022709,4227.34530930613,4144.17436384188,4181.97757650422,4314.77319512521,4344.63216806053,4570.49234696341,4393.08553995573,4306.67679890061,4829.60860902715,5259.06290234387,5496.24521091554,5621.65307737761,5529.72100455318,5674.29243197364
Mauritius,MUS,"GDP per capita, PPP (current international $)",NY.GDP.PCAP.PP.CD,9138.57710728304,9581.27819844766,9819.3398116954,10529.9792258326,11210.3153660164,11697.8993299503,12586.7342433617,13605.1031860841,14560.2486521184,15099.2031390752,15911.6331038321,16877.4651716884,17191.910088786,18102.9201375356,18874.82078036,19743.6252998896,21308.6852960876,22143.8265496345,23571.8941577226,24680.5577987914,21365.1126895676,23079.0674559154
Mexico,MEX,"GDP per capita, PPP (current international $)",NY.GDP.PCAP.PP.CD,11746.382631743,11821.8240178524,11835.4929333326,12135.4643185281,12735.587425732,13306.6563916259,14539.5163889812,15091.585295003,15779.1903706123,15443.2016169303,16162.8962120553,17432.1475042725,18170.0246425433,18333.3743799667,18983.7789898807,19217.8587908168,20225.710240328,20582.2523679391,21015.9257556815,20801.2587202949,19035.3821192066,20189.3439815945
"Micronesia, Fed. Sts.",FSM,"GDP per capita, PPP (current international $)",NY.GDP.PCAP.PP.CD,2390.70477594143,2492.22261360604,2543.90969292987,2639.30578294779,2635.32905147033,2785.91548279206,2886.17339102263,2930.17396464963,2936.64555167786,3010.93020795922,3124.07088688968,3281.54335122509,3270.06433878084,3193.75912975394,3166.36221142138,3332.46476333022,3381.8582444418,3522.34936744575,3598.40301383664,3691.0150881556,3612.11183562718,3664.48683963224
Moldova,MDA,"GDP per capita, PPP (current international $)",NY.GDP.PCAP.PP.CD,3044.29521853318,3310.16163742944,3632.3702673823,3959.66139491537,4377.65450322798,4865.37378094962,5270.8714784317,5588.65267845784,6151.81355157264,5827.12212091529,6322.15823303113,6832.94156502961,7277.25632680437,8283.88220817174,8724.06965036232,9312.7345862146,10487.6385473963,11464.0181535546,12434.6484689262,13318.8059326638,12512.6003653958,15121.7243285411
Monaco,MCO,"GDP per capita, PPP (current international $)",NY.GDP.PCAP.PP.CD,..,..,..,..,..,..,..,..,..,..,..,..,..,..,..,..,..,..,..,..,..,..
Mongolia,MNG,"GDP per capita, PPP (current international $)",NY.GDP.PCAP.PP.CD,3643.61053763807,3802.16658366221,4008.49337416138,4335.97119599278,4883.73257938141,5357.26206580412,5944.02232602655,6667.2410069621,7320.55288280222,7184.47091583051,7631.14592121004,8998.68772182404,10346.0148830066,10685.7169294891,11198.3213997661,10769.2543621137,10832.4825378265,11431.4980165191,12342.0380175301,12986.377468024,12320.279332722,12875.6253827585
Montenegro,MNE,"GDP per capita, PPP (current international $)",NY.GDP.PCAP.PP.CD,6002.60595931275,6771.37056236012,7100.32463176472,7341.2046479751,7842.34776350266,8313.6330797832,10457.2051718956,12460.6812017117,13816.5038313323,13022.8261655326,13635.830953909,14472.423129205,13863.7729260808,14870.0573566337,15371.1737620593,16332.8746643351,18199.1577018807,19682.4097094388,21513.5100902153,23792.3389967814,20482.8021242112,23318.1430217515
Morocco,MAR,"GDP per capita, PPP (current international $)",NY.GDP.PCAP.PP.CD,3912.095703125,4251.72802734375,4420.7548828125,4726.59765625,5010.85205078125,5261.40771484375,5768.400390625,6047.79345703125,6429.3291015625,6625.4375,6847.3896484375,7275.17041015625,7280.837890625,7483.09814453125,7149.0361328125,7669.9453125,7693.05712890625,7921.619140625,8266.1435546875,8566.1162109375,7969.43603515625,8900.478515625
Mozambique,MOZ,"GDP per capita, PPP (current international $)",NY.GDP.PCAP.PP.CD,481.500791747902,541.834118214297,588.174116457865,626.589128215704,678.253454925047,724.664002586227,800.276656922994,862.134885585715,914.814323868449,949.571464566732,996.869465801425,1058.66932310275,1073.07185370018,1112.73931115643,1166.89347703907,1321.86979814678,1385.40384054904,1291.67147896237,1329.07109280004,1344.88491337651,1307.287996601,1359.31060326
Myanmar,MMR,"GDP per capita, PPP (current international $)",NY.GDP.PCAP.PP.CD,943.47573562751,1063.04765630021,1197.33479957604,1376.84172598648,1591.53236565151,1849.08766897448,2139.08574592203,2442.18500912526,2728.29668020326,3017.73111995073,3322.80184978553,3552.46993617521,3815.87180869244,4111.8008839021,4346.26259896661,4427.7677914251,4424.70849686336,4670.08072918311,5045.70668606101,5435.52093964736,4972.30365941914,4539.50936547255
Namibia,NAM,"GDP per capita, PPP (current international $)",NY.GDP.PCAP.PP.CD,5126.5896433743,5197.38174626367,5437.06606380668,5698.27613631863,6487.93344603334,6778.63214946943,7392.81540330676,7901.46421735461,8156.66937486744,8116.32379026299,8579.84076679351,9061.27137423206,9458.79117285252,9863.58445751289,10609.2098839632,10783.274520279,10582.8182278806,10335.2674258223,10512.9753099514,10434.0959115612,9548.23295183415,10161.286581567
Nauru,NRU,"GDP per capita, PPP (current international $)",NY.GDP.PCAP.PP.CD,..,..,..,..,4206.65883805151,4004.87969170172,3785.9019545252,3626.4577994182,6112.70684929802,5784.69238420116,5755.29015707287,6426.36896534574,8465.94307134633,8795.19867345024,10090.957867004,9404.41020164763,10032.5232035333,9359.98672496946,10134.2767722185,10976.3948108191,11418.5593444937,12126.5887460305
Nepal,NPL,"GDP per capita, PPP (current international $)",NY.GDP.PCAP.PP.CD,1315.97063164967,1387.79780932568,1390.16949109209,1453.40817325745,1543.01887756633,1629.15925270972,1720.62604033749,1814.09516328528,1949.50407931321,2039.90505428881,2153.12640634806,2264.32951082506,2474.08354998607,2656.35882852921,2887.63157327986,2931.62049532666,2925.53214565469,3495.52880047287,3808.72211345447,4088.42135925771,3972.51532316473,4252.3751749416
Netherlands,NLD,"GDP per capita, PPP (current international $)",NY.GDP.PCAP.PP.CD,31876.9544029857,33186.5262652048,34447.2053180645,34151.3535442971,35809.9829008965,37625.5617084958,41011.1526382863,43944.713782019,46420.2016795592,44557.3938579452,45041.5837145758,46599.02103045,47272.1030187972,49241.5178406305,49233.2153954401,50288.5913949377,52288.4150841353,55088.6338006744,57826.6284976675,60208.4221704236,59822.954267638,64488.8206943838
New Caledonia,NCL,"GDP per capita, PPP (current international $)",NY.GDP.PCAP.PP.CD,..,..,..,..,..,..,..,..,..,..,..,..,..,..,..,..,..,..,..,..,..,..
New Zealand,NZL,"GDP per capita, PPP (current international $)",NY.GDP.PCAP.PP.CD,21501.9984305675,22526.4247769734,23306.2795376277,23990.0792754781,25103.3171068436,25677.4190803252,27732.7555525141,29332.4991644673,29827.1425475385,30679.0352007749,31224.7489918291,32701.3785970948,32988.6097597613,36242.6212285958,37293.3567850718,37479.6829800129,39933.5744436033,42204.7457412663,42507.4288120852,45852.4230202271,45554.9329391839,48443.8730095024
Nicaragua,NIC,"GDP per capita, PPP (current international $)",NY.GDP.PCAP.PP.CD,2750.78142539539,2857.2524963145,2886.83515404523,2981.69747640049,3186.57276731782,3384.22793300423,3584.17315912969,3814.35569198039,3964.33808052969,3802.9178643529,3959.96922623599,4234.82708244732,4392.62888338747,4567.4180962991,4889.21418629573,5230.52823060395,5618.06654571177,5915.38972207813,5772.22504633547,5627.04745610843,5523.55791393006,6280.92284563394
Niger,NER,"GDP per capita, PPP (current international $)",NY.GDP.PCAP.PP.CD,756.755652962508,801.845564663275,825.238950424883,830.182881443225,825.73648643545,881.853541750042,928.796178051252,948.694944687435,1004.08364971578,992.91384833792,1051.09031825381,1057.83987059706,1148.39534272563,1118.3491137006,1134.74171615092,1138.1136507762,1146.01041845331,1155.9738499994,1221.95973834237,1269.06838612434,1282.57192353366,1309.28628625812
Nigeria,NGA,"GDP per capita, PPP (current international $)",NY.GDP.PCAP.PP.CD,2292.8418315335,2418.26634406791,2757.45233165057,2938.27148422629,3208.58586596191,3428.65241597721,3648.90380987909,3887.73675227429,4116.82842284994,4355.76908780903,4632.13131259775,4843.60455539881,4899.52919646751,5136.64524267725,5415.86121025289,5342.03599096303,5159.58044421876,5120.00559788163,5212.1388707046,5291.66296998221,5137.59840216061,5431.9192114316
North Macedonia,MKD,"GDP per capita, PPP (current international $)",NY.GDP.PCAP.PP.CD,6152.64008379108,6050.86716117531,6395.22634785465,6595.77684243109,7172.0635797332,7848.88296708719,8688.95707964176,9351.90167722417,10521.8512349511,11010.5660723719,11360.8935525901,11689.8906953758,11915.565956865,12727.2723811745,13434.8487482162,13888.3011359278,15137.8235973572,15706.5395668073,16796.4480217539,18007.1206249305,17433.6684771946,18934.0229840382
Northern Mariana Islands,MNP,"GDP per capita, PPP (current international $)",NY.GDP.PCAP.PP.CD,..,..,..,..,..,..,..,..,..,..,..,..,..,..,..,..,..,..,..,..,..,..
Norway,NOR,"GDP per capita, PPP (current international $)",NY.GDP.PCAP.PP.CD,36988.9288047687,37829.559042487,38056.2404278106,38684.5246087533,42671.9648895902,47966.8640112608,54366.0063902327,56175.656091892,62072.7539854909,55620.8379811715,58226.7139152967,62460.0908157002,65774.3520746224,67377.9262258772,66332.4614374198,60737.8868132779,59280.1992028829,64589.5559196863,70253.8463693384,69916.376832311,65130.1721871608,81866.7951850507
Oman,OMN,"GDP per capita, PPP (current international $)",NY.GDP.PCAP.PP.CD,39581.1002204065,41745.8064484949,41423.6996751428,40641.5594601396,41633.9337509708,43198.0219540474,46090.0997859602,48588.5587606196,52665.0252707649,55272.6222338459,53255.6064232312,50267.6468570866,50308.4628218068,47520.0737459247,44573.9741880282,36449.0884881843,33800.292052506,34218.3881261022,35034.5858610716,35248.207400256,34952.163477917,37842.8397570061
Pakistan,PAK,"GDP per capita, PPP (current international $)",NY.GDP.PCAP.PP.CD,2573.34389795909,2644.35598159186,2686.98914255426,2825.4737747661,3059.3792507212,3312.63468404615,3546.29719428438,3723.42506520338,3791.77982248926,3861.55196873071,3878.29328522158,3980.06989856706,4148.79391663118,4275.90278078024,4414.82859591352,4583.07238175405,4733.54610150774,4891.71977393238,5236.3642488072,5376.28411672822,5284.66458428095,5774.90388782666
Palau,PLW,"GDP per capita, PPP (current international $)",NY.GDP.PCAP.PP.CD,9631.9586618227,10429.3174571875,10958.2745373974,10794.1097410859,11606.3405236297,12491.9936452983,12963.7952264582,13760.6962724247,13396.3471236878,12778.3006358123,13159.7335730103,14566.6895588214,15334.5416206362,15193.8953376753,16460.4899110422,17880.5766012149,18022.4426213912,17594.9938541658,18244.4004103214,18554.5072658486,17323.4277027004,15572.7392991737
Panama,PAN,"GDP per capita, PPP (current international $)",NY.GDP.PCAP.PP.CD,8745.17362320711,8819.34294631334,8980.52543631409,9361.07722101935,10138.7884785004,10996.5928700245,12087.4644311001,13646.4531226928,15000.6393252779,15009.3236505374,15789.8294176403,17624.9834062524,19441.1306743496,21646.1031123271,23807.6873209931,26316.9245710876,28918.9881546486,31638.1519360222,33034.751364135,34178.9238005126,28096.6122983929,33563.660625424
Papua New Guinea,PNG,"GDP per capita, PPP (current international $)",NY.GDP.PCAP.PP.CD,2207.15410220113,2178.90892495194,2136.57376978282,2153.39380000389,2198.39602252334,2334.89055163263,2457.95152533252,2637.96180447355,2599.1232550897,2709.80532599772,2930.76964838656,2938.24939804332,3046.78367144486,3133.19024853737,3530.49907161425,3704.96272023941,3851.26492650684,3967.01619620096,3957.92865835243,4115.37039039474,3951.24592978629,4014.2854655247
Paraguay,PRY,"GDP per capita, PPP (current international $)",NY.GDP.PCAP.PP.CD,6905.25194096227,6884.07450553888,6890.74125150923,7238.9528039156,7644.8067322377,7963.71661425576,8514.23135782456,9126.94268489996,9809.75493595329,9747.69025655528,10833.901040954,11384.3721783312,10861.3602313031,11992.0830301088,12411.3020900799,12436.2346805553,13024.1498931552,13604.1747171995,14181.4251478856,14186.9271811206,14063.2737005537,15091.3251039017
Peru,PER,"GDP per capita, PPP (current international $)",NY.GDP.PCAP.PP.CD,5000.77871191954,5076.38727204205,5373.09604032452,5647.66910871758,6027.77355521635,6548.04828658198,7198.50563879803,7961.29629613321,8791.25863194168,8881.92551488583,9664.27127150208,10400.948481172,10679.7977510315,11196.3777289241,11410.3291928696,11481.464556988,11933.6003263784,12442.7464624852,13001.4612484879,13275.2815672205,11813.9884362791,13830.5702579441
Philippines,PHL,"GDP per capita, PPP (current international $)",NY.GDP.PCAP.PP.CD,3437.10869801545,3545.85068029605,3658.68975532118,3842.3466179317,4121.95156080233,4375.79506971648,4661.96261251276,5005.59101551218,5224.59099904389,5236.97757145735,5587.06613735179,5818.59366837458,6244.17792452931,6559.71277599132,6905.11304591,7122.72473553054,7614.77319338776,8001.75647996477,8566.84956022295,9102.18923747193,8208.66938592418,8933.13376641384
Poland,POL,"GDP per capita, PPP (current international $)",NY.GDP.PCAP.PP.CD,10674.1823615438,11121.8516324078,11804.2662616751,12289.0826187898,13353.7550701521,13896.7933802514,15151.3617209105,16804.9640576298,18303.3529197976,19240.1343388172,20889.7553085381,22658.3773208623,23589.1475743289,24319.8802935066,25316.3315445949,26822.6642478406,28165.8365529133,29958.1207092074,32027.6027335558,34976.0444451627,35315.7172595773,38241.7118655376
Portugal,PRT,"GDP per capita, PPP (current international $)",NY.GDP.PCAP.PP.CD,18880.3149315496,19528.6408259892,20356.647299736,20852.1470276899,21477.9532429352,22725.2774946084,24681.1381020272,25736.3500215256,26665.8372952939,26459.1641011665,27260.5535055665,26769.5118850004,26438.0163019973,27936.0396644563,28742.4403783509,29660.8960672526,31607.7542431733,33044.7167387479,34928.5435337746,37299.287767416,34955.7054882649,36731.3976432061
Puerto Rico,PRI,"GDP per capita, PPP (current international $)",NY.GDP.PCAP.PP.CD,22935.2028836808,24879.2175833676,25465.6735672848,25965.8790162219,28989.6282931868,29346.9235217744,29952.6363603839,30582.9873125009,30774.7601678108,30533.3834398909,30928.7909301353,31824.1548383855,32582.6224082106,33172.6712604566,33682.850026137,34016.0223523129,34346.8673317443,34363.7459921451,35045.8359615111,36268.2433367531,34254.9359670163,36156.6466053643
Qatar,QAT,"GDP per capita, PPP (current international $)",NY.GDP.PCAP.PP.CD,88707.2941946769,89675.0549980207,92911.4831099683,93630.2053122148,110286.963199435,112073.100620194,121877.59405812,121689.453668535,124470.952037555,125789.104112218,143070.210492504,157255.394194743,163219.491990009,158675.812666885,143332.90766037,98787.3784871089,84998.4679248948,92177.595943793,93660.4072943196,94611.7341527321,94005.3583478977,102506.126297765
Romania,ROU,"GDP per capita, PPP (current international $)",NY.GDP.PCAP.PP.CD,5848.87795557302,6519.70719593917,7162.36577844649,7560.29498424285,8990.39909723638,9602.10475909396,11554.9708860107,13701.5706369994,16782.1098749043,16632.7025282078,17355.7659931743,18802.8619327657,19809.0004235331,19677.0192595609,20632.221267435,21624.5233762245,23904.4959131029,26943.4624220971,29568.3071859042,33066.4781390592,33442.4808441535,36122.7617869179
Russian Federation,RUS,"GDP per capita, PPP (current international $)",NY.GDP.PCAP.PP.CD,6825.3916015625,7361.36376953125,8037.474609375,9254.537109375,10226.7666015625,11822.3466796875,14912.234375,16648.2421875,20163.609375,19389.94140625,20490.126953125,22798.673828125,24303.47265625,26073.875,25761.6484375,24085.32421875,24128.0859375,25926.443359375,28821.26171875,30067.740234375,30011.57421875,33878.11328125
Rwanda,RWA,"GDP per capita, PPP (current international $)",NY.GDP.PCAP.PP.CD,617.050239691376,675.00142715824,762.20536733176,776.223528014744,834.616418139588,917.057870486372,1005.4301265141,1081.88484976509,1193.27090462113,1242.70423334452,1315.14428491742,1412.59897253509,1449.73159778511,1503.97351843112,1665.00382715066,1763.24918995072,1842.20777153928,1934.97295529462,2098.89772601755,2283.46620349836,2182.22241970021,2469.00298776433
Samoa,WSM,"GDP per capita, PPP (current international $)",NY.GDP.PCAP.PP.CD,3022.82305256878,3292.11885837185,3511.57672699538,3751.25825017974,3957.51243655173,4339.83903058095,4550.96678605657,4669.57412356812,4894.73566418465,4864.19657288083,5184.00669811333,5448.40655774285,5295.36308788782,5344.89904271797,5431.3882786039,5646.18714632563,6098.96611634401,6238.90402095554,6287.22943524541,6615.40844883448,6402.05327778234,6107.16207916622
San Marino,SMR,"GDP per capita, PPP (current international $)",NY.GDP.PCAP.PP.CD,53658.7731687103,56843.3556534733,56596.0282310652,58623.5291828493,61871.1816342791,64439.6409364605,67933.9251384258,73713.8391294738,73952.6318393296,65973.6111363612,62015.6986714621,56456.3000918701,52759.3833385276,52290.9019285883,54688.3050044304,55117.6192926753,56893.4722366813,58201.5271020427,60314.0019043298,62623.9048137335,59521.3829890943,67982.970511185
Sao Tome and Principe,STP,"GDP per capita, PPP (current international $)",NY.GDP.PCAP.PP.CD,..,1899.1814624675,1945.92068013463,2094.05928622193,2170.79314683553,2328.15504182883,2549.00568969614,2647.40732323058,2797.73851665902,2841.31498045478,2852.88692099166,2908.02553525146,2681.7889446278,2923.41024997254,3199.92614625359,3130.3259525113,3267.60732903771,3373.26419416802,3549.16057749134,3629.70139121761,3703.82165246328,3864.79092933182
Saudi Arabia,SAU,"GDP per capita, PPP (current international $)",NY.GDP.PCAP.PP.CD,38164.9905698855,37612.2861549663,36239.6702551241,40172.8174673503,43572.4882173109,46012.7616533981,46862.7220218893,47129.5306906618,49106.0008212579,46624.8097428374,47999.0081439078,53049.8729955594,54696.2152997658,53883.8788303274,54356.170150637,48173.8445061434,45602.6039820703,47551.8595195922,48861.18780002,49018.9098990994,47278.6930165072,51607.0113635651
Senegal,SEN,"GDP per capita, PPP (current international $)",NY.GDP.PCAP.PP.CD,2016.43092138578,2100.15890018946,2083.42887026038,2188.88004094127,2293.92403767414,2405.90761414591,2472.75636947564,2543.52475589763,2618.32707505305,2636.11531052809,2684.49406288069,2702.26106241094,2774.64702355756,2780.11368438905,2872.11981088677,3017.35057563407,3126.43188474113,3259.19257987366,3449.84793045624,3575.97469091967,3574.0169278246,3874.94515793917
Serbia,SRB,"GDP per capita, PPP (current international $)",NY.GDP.PCAP.PP.CD,6019.91488840144,6483.01211421131,7224.61832047595,7646.13465451535,8487.6452061593,9181.68830136227,10207.6947858461,11237.4391203198,12632.019405676,12534.6087340958,12798.0997504299,13746.884823093,13933.7222715261,14628.9202506499,14659.616880059,14928.4631543444,15857.9019126421,16611.131776638,17718.0497335391,19404.8329710723,19567.7567939697,21476.5317473464
Seychelles,SYC,"GDP per capita, PPP (current international $)",NY.GDP.PCAP.PP.CD,14640.7329056204,14617.7829195666,14573.2174497785,14145.1100851746,14163.1532773748,15849.1811897426,17506.9501465182,19476.320219756,18881.7601137024,18459.0333877527,18984.8794454097,21787.5204526151,22183.4793109694,22315.9228086344,24682.8396373181,24310.6721012349,26261.8376320923,27336.608367394,28755.7099771637,30427.7587726036,28200.7682748915,30817.79243738
Sierra Leone,SLE,"GDP per capita, PPP (current international $)",NY.GDP.PCAP.PP.CD,683.350087289854,617.621258758514,749.921915398865,804.263300888307,850.36818063372,891.059854383277,937.049915554938,1016.49993775175,1065.10658984016,1076.47129001141,1129.79803563861,1190.09846112391,1385.22736682137,1721.25737761518,1756.72833562258,1567.9820542342,1641.30196758057,1593.51532239987,1649.0363421828,1726.06948716063,1675.21257099058,1781.93034315783
Singapore,SGP,"GDP per capita, PPP (current international $)",NY.GDP.PCAP.PP.CD,43775.8726538541,43104.2827297039,45080.2663441014,48774.7247211609,54377.3438540928,58814.9144535567,64054.2708632162,68793.7097837442,67718.4182987851,66212.3175147369,75389.7681763297,80052.3914982651,82064.9611910836,83001.7878013707,84423.1913432675,86974.7476230627,89495.0154493688,95334.1455686864,100642.752176026,102630.933142278,100226.36846454,118887.822065854
Sint Maarten (Dutch part),SXM,"GDP per capita, PPP (current international $)",NY.GDP.PCAP.PP.CD,..,..,..,..,..,..,..,..,..,35658.3897050424,37440.7336956854,40719.2051718548,35955.9842287368,35518.3875515148,42495.8880281348,43237.8186515479,43171.2177033128,43055.5434793198,40744.984148608,45235.0864141695,39063.8226728831,42329.2404575197
Slovak Republic,SVK,"GDP per capita, PPP (current international $)",NY.GDP.PCAP.PP.CD,11378.7591845369,12388.3660821732,13312.203306834,14181.8252695195,15226.4193502047,16639.3941239799,18912.8002905298,21225.0633546282,23725.8577558996,23080.8103763845,25401.7458807191,26258.8286328192,26994.0577496344,28019.0588412978,29029.0782261812,30054.1218355571,29737.5708042482,30142.3674521189,31369.7988265901,33453.807873542,32922.8660907157,34505.3480761009
Slovenia,SVN,"GDP per capita, PPP (current international $)",NY.GDP.PCAP.PP.CD,18004.6825336648,18951.8233390448,20241.5256786998,21113.4519261527,22761.0593111737,23852.6430383942,25718.7621989345,27573.6445803125,29604.2914690241,27538.0144407242,27825.476489785,28931.383323805,29042.8202729641,29973.6993541529,30870.0236667425,31628.247175832,33936.0440637175,36507.5530416531,38971.8241162221,42131.388588643,40892.9258535469,44033.7637269962
Solomon Islands,SLB,"GDP per capita, PPP (current international $)",NY.GDP.PCAP.PP.CD,1539.38028592176,1414.54984811554,1364.2627435499,1448.34513688059,1565.6156775217,1695.07098488153,1779.32544115488,1851.92971331106,1960.73484007899,1984.32204829138,2151.92045556383,2303.04298866792,2344.52347678438,2447.57716227545,2459.60119429406,2462.83315625514,2561.13831694806,2625.13452999906,2696.64101672402,2727.89453168489,2607.48182686863,2645.34556016287
Somalia,SOM,"GDP per capita, PPP (current international $)",NY.GDP.PCAP.PP.CD,..,..,..,..,..,..,..,..,..,..,..,..,..,1051.70295982092,1222.40209527935,1422.08153242577,1506.29375808403,1558.29442450628,1585.21210632507,1612.5115825986,1538.24857261331,1609.09351201255
South Africa,ZAF,"GDP per capita, PPP (current international $)",NY.GDP.PCAP.PP.CD,8154.2002760328,8487.52955497672,8857.79281413976,9213.44244001779,9799.58074130903,10540.1371364829,11364.2016632385,12172.9142534528,12658.0342363215,12394.9343573377,12771.9105093128,13281.5038939992,13138.029852918,13559.8405739033,13556.0328156576,13581.7552823481,13696.1635674374,13950.4534761192,14331.5124121102,14438.3277092703,13587.2732682797,14717.6940686903
South Sudan,SSD,"GDP per capita, PPP (current international $)",NY.GDP.PCAP.PP.CD,..,..,..,..,..,..,..,..,2884.61080363552,2915.53416118557,2957.19653834073,2730.00512680984,1435.67923290428,1957.28434851863,1407.69902776408,1181.93160266504,..,..,..,..,..,..
Spain,ESP,"GDP per capita, PPP (current international $)",NY.GDP.PCAP.PP.CD,21588.4237488431,22953.5715659117,24371.5988492666,25047.397273222,26143.7687141562,27606.9340516269,30718.2188352448,32473.6538915928,33263.2723985249,32092.7220611053,31681.1005508478,31867.9732396862,31720.2738156972,32444.4611896857,33540.3571743561,34919.3872520672,37305.6291510563,39550.1890761123,40716.6807627631,43108.7687037933,38022.7219830092,41182.4596210559
Sri Lanka,LKA,"GDP per capita, PPP (current international $)",NY.GDP.PCAP.PP.CD,4487.44241264536,4483.27040927087,4686.49156556758,5012.38652414688,5375.05259944138,5834.70903002669,6411.82069467045,6959.84428261497,7438.70424035503,7676.83028167698,8316.30519585095,9140.50431725218,10319.3961636956,10952.8928548709,11452.4737217154,11998.202508565,12921.0549689967,13544.5189851873,14083.6863851359,14217.4686559492,13664.2266549465,14621.516338857
St. Kitts and Nevis,KNA,"GDP per capita, PPP (current international $)",NY.GDP.PCAP.PP.CD,15183.0774044557,16154.1961290542,16530.4195483766,16135.3804727206,17175.5380343734,19377.8955472631,20539.6327147248,21157.7731960599,23902.3700297248,23178.7625597197,23409.7161827782,24191.5690121396,23159.6543581333,24317.3806244392,26463.2597333492,26570.7936120638,27932.0013669999,29317.5934663221,30654.111714775,32500.9717617828,28172.6815810627,29198.0294428035
St. Lucia,LCA,"GDP per capita, PPP (current international $)",NY.GDP.PCAP.PP.CD,9260.97146016316,9084.57563361499,9195.58589109367,9702.13032367014,10609.0358773352,10821.2495669136,11769.0993704942,12214.7341057988,12983.1476567442,12613.5251986118,12713.8097230012,13444.3467963592,13288.7697538265,13725.1851193305,13989.2819184388,13815.4997968858,14584.5269379514,15247.4630286811,15998.3550314961,16116.5082984261,12303.7968958515,14395.6776257445
St. Martin (French part),MAF,"GDP per capita, PPP (current international $)",NY.GDP.PCAP.PP.CD,..,..,..,..,..,..,..,..,..,..,..,..,..,..,..,..,..,..,..,..,..,..
St. Vincent and the Grenadines,VCT,"GDP per capita, PPP (current international $)",NY.GDP.PCAP.PP.CD,6486.78793588331,6759.10586047222,7243.33030948352,7904.3538187781,8488.03186011852,9017.29837512791,10000.9202479072,10670.2497326113,10969.183278275,10934.5263608054,10622.687451931,10837.6398916823,11052.9085661571,11694.775485825,12199.7331228691,12425.4932363918,13530.4906376952,13575.4164879984,14379.7556003188,14784.7140820338,14457.7789165213,15271.2702781774
Sudan,SDN,"GDP per capita, PPP (current international $)",NY.GDP.PCAP.PP.CD,2732.02856445313,2892.32250976563,3030.68701171875,3198.49658203125,3360.79614257813,3558.00219726563,3789.27172851563,3985.38037109375,4086.00732421875,3876.2578125,3954.46899414063,4293.56201171875,3917.82055664063,3953.73803710938,4544.037109375,4519.4873046875,4813.86865234375,4613.9501953125,4453.767578125,4308.42138671875,4091.84228515625,4083.97509765625
Suriname,SUR,"GDP per capita, PPP (current international $)",NY.GDP.PCAP.PP.CD,7497.48053135107,7850.77345235924,8059.59137989242,8595.71964368805,9449.31687157542,10072.7583425775,10863.0229854657,11595.3041231231,12169.232953419,12474.9973133345,13129.3346416791,14030.212900005,15308.1569354288,16318.6006204121,16764.042707018,16721.2959326991,14633.1925874059,17753.0602652977,18881.6153830839,19231.4215939687,16187.6309639489,16343.5843281715
Sweden,SWE,"GDP per capita, PPP (current international $)",NY.GDP.PCAP.PP.CD,29623.9911890299,29933.3445285144,30926.5055989396,31816.4700997251,33858.8045033985,34244.4650156257,37727.7248797947,40910.3236910077,42158.2956995539,40279.877005563,42221.7581999992,44608.5802614915,45432.4319692761,46312.3923824667,47184.6691338182,49103.1334338706,50430.2528196052,51947.9542478244,53521.6306428288,56404.3002044523,56140.5523953504,60396.7137009498
Switzerland,CHE,"GDP per capita, PPP (current international $)",NY.GDP.PCAP.PP.CD,36697.6280410218,37819.0143570459,38704.9584597242,38737.1272443757,40175.6445747107,41524.8488732932,46272.8579533375,50924.3729529876,53808.7841127066,52973.4632362094,54438.9787009438,57493.5810559211,59440.9158607666,61656.4661708516,63417.0437157565,65265.04573356,67350.7518747757,68193.5054944094,70688.8187491194,72668.747107339,71010.4334947203,77181.3753481651
Syrian Arab Republic,SYR,"GDP per capita, PPP (current international $)",NY.GDP.PCAP.PP.CD,..,..,..,..,..,..,..,..,..,..,..,..,..,..,..,..,..,..,..,..,..,..
Tajikistan,TJK,"GDP per capita, PPP (current international $)",NY.GDP.PCAP.PP.CD,1037.94057144325,1138.36283147721,1254.93148581628,1392.63386834179,1547.45926344452,1671.47287651077,1810.15150484046,1967.56415602394,2123.47486747967,2177.62940105616,2299.87584757079,2468.58134915696,2722.16700558849,2999.22471283075,3273.93249546877,3124.53939899615,3092.85361084195,3236.43934350302,3486.97450321302,3726.9138197278,3856.50152260934,4315.0322042312
Tanzania,TZA,"GDP per capita, PPP (current international $)",NY.GDP.PCAP.PP.CD,1156.6279296875,1220.88806152344,1293.65222167969,1370.32824707031,1472.28100585938,1587.42370605469,1695.14208984375,1807.44641113281,1894.53857421875,1957.61474609375,2052.95849609375,2193.04443359375,2067.2216796875,2160.78002929688,2206.36108398438,2301.802734375,2418.73901367188,2457.5693359375,2572.21508789063,2688.2119140625,2695.52465820313,2851.77490234375
Thailand,THA,"GDP per capita, PPP (current international $)",NY.GDP.PCAP.PP.CD,7281.41278090251,7631.31933135173,8153.46133957634,8835.84690937088,9564.79142547155,10198.1601337386,10952.1994143852,11769.5250654664,12111.3718519839,12018.1736292382,12988.9296804484,13284.1197845939,14586.9066203666,15090.0983569568,15143.395726791,15466.7606332352,16231.25449294,17008.0384242563,18093.8197834427,18760.4124030103,17810.2507528433,18855.0232726769
Timor-Leste,TLS,"GDP per capita, PPP (current international $)",NY.GDP.PCAP.PP.CD,1257.97617801495,1472.11053351738,1369.31810456394,1340.69433024867,1354.0382245033,1403.57206959318,1352.10268165756,1493.94396752664,1657.53359644299,1798.68774847958,1948.21212081291,2060.82060670861,2336.2421165205,2465.86918082049,2697.35994470012,2891.18191014122,3120.85924798057,3143.3245011956,3149.44724295078,3899.07085961106,5134.01491816426,5560.24389607774
Togo,TGO,"GDP per capita, PPP (current international $)",NY.GDP.PCAP.PP.CD,1349.22397811808,1353.84028059747,1390.76418511858,1474.58116569342,1460.49228875714,1399.20029226053,1439.60451976684,1419.26592273724,1462.55239270114,1509.47377425488,1574.42186244915,1656.1619504987,1677.29628558756,1739.13224968356,1818.04189531054,1884.96673034832,1928.14112525162,1970.21483978015,2063.38210892065,2151.28514316615,2173.87292874814,2351.3137740985
Tonga,TON,"GDP per capita, PPP (current international $)",NY.GDP.PCAP.PP.CD,3480.35486850284,3670.46658013589,3886.02489873918,4030.65019269044,4015.00170422724,4120.83874919494,4219.42770159934,4326.9518852509,4606.71886823782,4386.50582616356,4464.93153497603,4858.14160277644,4994.81256590851,5117.80307374806,5341.84087344944,5484.43882122031,5926.57662855537,6257.08973358404,6439.15778154326,6613.49573605464,6713.15299416765,6778.50356937661
Trinidad and Tobago,TTO,"GDP per capita, PPP (current international $)",NY.GDP.PCAP.PP.CD,13821.254323945,14651.7708735987,15972.8486096348,18535.8075259979,20431.4657271941,22251.3261272084,25819.6303453122,27618.8022515961,28937.2842895185,27677.084311018,28753.6879231712,29064.3123717313,29988.9345919814,29737.1730178763,29992.8653262587,27840.7876568496,26218.4611974981,26481.0729690522,26486.7533982237,26787.8874660264,24703.3215074715,25419.5459165309
Tunisia,TUN,"GDP per capita, PPP (current international $)",NY.GDP.PCAP.PP.CD,6196.74338508777,6509.90813807065,6632.81860419007,7012.83978498172,7576.9780170083,8012.2115886396,8613.62020823712,9353.55787255422,9843.91332366643,10109.960283846,10428.5414316928,10297.4235910989,10416.9464392854,10438.9478711444,10671.9323978796,10471.2133320933,10634.5016243613,10874.9468863561,11312.2505072768,11585.1447258654,10602.5090070542,11471.4562041082
Turkiye,TUR,"GDP per capita, PPP (current international $)",NY.GDP.PCAP.PP.CD,9499.57164372197,9156.52673776469,9281.08773902607,9587.55795101166,10854.4422022113,11863.8556295747,13580.7293653053,14864.92570085,16038.2956212622,15442.7318460188,17345.8065618975,19590.9510387254,20627.4920606022,22373.2465583744,24105.0237978098,25855.7653558275,26695.915689876,28193.1744851997,28299.3988721682,28050.6474896155,27975.9311886086,30710.5154601168
Turkmenistan,TKM,"GDP per capita, PPP (current international $)",NY.GDP.PCAP.PP.CD,4220.62126623054,4439.09293129229,4458.43246060146,4635.8253828238,4935.24674087775,5675.73980096811,6403.44760469911,7200.81341179203,8293.64120693263,8717.71429691569,9475.02067018342,10901.5265177372,11635.7946217689,12295.3344384643,13022.1051602812,13213.0501501037,13375.2289810647,13703.5127239741,14665.4281588497,15628.4577257404,..,..
Turks and Caicos Islands,TCA,"GDP per capita, PPP (current international $)",NY.GDP.PCAP.PP.CD,..,..,..,..,..,..,..,..,..,..,..,22996.4306694299,20573.4459507307,20801.6819488085,22273.0244006214,23730.1589534185,25190.0642502523,25207.8316863304,26182.5857970282,27033.3815599111,19509.7118073826,21808.2456335312
Tuvalu,TUV,"GDP per capita, PPP (current international $)",NY.GDP.PCAP.PP.CD,2523.11103007296,2584.51421861794,2878.36523325355,2790.42301632324,2765.03045761567,2685.90483425282,2802.94351568874,3048.15030017436,3274.0397668925,3048.72113679675,2976.19161967797,3199.67367125865,3144.9117773766,3319.53362106334,3387.50037601232,3785.42992583894,4049.09249928773,4236.39950273788,4383.45025866741,5036.65567327724,4834.39447585781,5080.76524350095
Uganda,UGA,"GDP per capita, PPP (current international $)",NY.GDP.PCAP.PP.CD,1123.10949571777,1171.71741875194,1254.29859007033,1320.012354038,1405.51228751255,1497.23122781214,1660.76042840175,1795.6718402455,1932.10455376154,2017.06670251171,2094.43358222058,2271.72782379333,2030.65095782,2038.31298833461,2121.45438054997,2171.23714577172,2141.1243293787,2128.39686872771,2239.48167616208,2345.44066974045,2365.98841089975,2478.82410137355
Ukraine,UKR,"GDP per capita, PPP (current international $)",NY.GDP.PCAP.PP.CD,4260.27685546875,4789.681640625,5172.96044921875,5824.12451171875,6736.79541015625,7214.11181640625,8054.0400390625,9004.8798828125,9434.435546875,8093.5556640625,8559.9296875,9246.76953125,9705.3583984375,11111.0517578125,10743.5859375,10164.3271484375,11148.1962890625,11860.560546875,12633.513671875,13348.0283203125,13102.7958984375,14289.0400390625
United Arab Emirates,ARE,"GDP per capita, PPP (current international $)",NY.GDP.PCAP.PP.CD,97390.2990609776,95748.9068524897,94688.1438684681,100101.558083729,107548.40115971,108491.294896301,107345.515721636,94896.5016027047,83865.4109958942,69931.7320214158,67759.8292636078,72666.7454527676,74853.5750972265,75877.9979631878,78859.0891166617,69705.704856878,68853.8197724917,71182.3707145056,73270.6715789192,74826.5184162299,71458.6385200044,77272.9994194784
United Kingdom,GBR,"GDP per capita, PPP (current international $)",NY.GDP.PCAP.PP.CD,26531.5844868141,27912.6365939756,29089.0536770407,30317.3936051543,32054.7727127522,32726.1331883772,34732.8212955537,35519.7049007137,36744.7913584035,35024.7133840576,36492.0881209493,37224.3787645256,38343.0869033484,39954.2191450769,41278.1275079919,42496.8542909218,44082.1164678494,46048.2000506645,47090.4848967293,49191.2100377292,45756.6510715223,50361.2737562531
United States,USA,"GDP per capita, PPP (current international $)",NY.GDP.PCAP.PP.CD,36329.9560727102,37133.623113437,37997.7596573051,39490.2749557007,41724.6316287624,44123.4070679055,46302.0008800056,48050.2237771135,48570.0459804586,47194.9433547336,48650.6431283336,50065.9665041742,51784.4185738837,53291.1276891406,55123.8497869046,56762.7294515989,57866.7449341091,59907.7542608847,62823.3094381973,65120.3946628653,63528.6343027508,70219.472454115
Uruguay,URY,"GDP per capita, PPP (current international $)",NY.GDP.PCAP.PP.CD,10841.5909789507,10631.5492275084,9945.82379318984,10212.1712124053,10999.1004881107,12176.0935596199,13048.0838807922,14250.0027804729,15530.64543227,16254.3321295274,17688.3779412736,18937.2042041832,19290.2934464574,20445.556210773,21645.1189525059,21948.7663951215,22618.6917760103,23384.7401885795,23950.3933285084,24551.7461680548,23309.7865230202,25663.4106069348
Uzbekistan,UZB,"GDP per capita, PPP (current international $)",NY.GDP.PCAP.PP.CD,2658.59476031643,2796.06294342047,2916.56014851414,3064.13992612186,3341.98673673983,3643.70087812831,3987.06640688758,4419.36187380234,4832.60160452109,5167.21147164625,5469.98073688253,5844.80756223251,6061.94715388358,6302.64724360333,6494.85994090061,6680.18470067687,6796.90489209483,6840.70985995243,7289.32950041393,7717.74411671158,7822.66195805577,8607.52745000764
Vanuatu,VUT,"GDP per capita, PPP (current international $)",NY.GDP.PCAP.PP.CD,2139.30207823375,2059.98174123927,1933.3788505749,2005.16066460337,2089.03722739339,2214.53629006139,2417.24683231729,2493.32628311022,2619.16261749267,2651.00382980116,2652.84196980235,2728.06577367478,2741.50251852408,2736.27678485979,2806.79135861879,2778.24981673325,2867.3401226038,3031.24317194292,3118.30129579883,3200.62345500824,3008.55163663632,3090.22795764862
"Venezuela, RB",VEN,"GDP per capita, PPP (current international $)",NY.GDP.PCAP.PP.CD,11622.6066954163,12064.3770198481,10968.6676938614,10137.1780748432,12103.9421079383,13543.3654813626,15094.2917609382,16600.1191876771,17550.8099373169,16859.8308018946,16581.8188235595,17402.2756586571,..,..,..,..,..,..,..,..,..,..
Viet Nam,VNM,"GDP per capita, PPP (current international $)",NY.GDP.PCAP.PP.CD,2552.68284248843,2743.48070704001,2932.0631731049,3163.50958445082,3457.79216364652,3797.04585172195,4146.95206074759,4519.04511649778,4819.01166958745,5059.34249970306,5391.16953830879,5793.92988887172,6364.97847654573,6724.63489647222,7240.73547087883,7595.68634299799,8277.68412933014,9050.68788675827,9867.66860767837,10686.8030202625,11035.9995951674,11727.7962241758
Virgin Islands (U.S.),VIR,"GDP per capita, PPP (current international $)",NY.GDP.PCAP.PP.CD,..,..,..,..,..,..,..,..,..,..,..,..,..,..,..,..,..,..,..,..,..,..
West Bank and Gaza,PSE,"GDP per capita, PPP (current international $)",NY.GDP.PCAP.PP.CD,2782.16055379016,2514.87848144453,2178.70109644069,2469.18363445827,3013.38129950504,3371.51387938669,3354.09869480837,3485.04161403643,3712.20409758384,3950.24130014908,4120.27108838546,4494.7313227255,5255.82560942147,5371.68710020242,5510.13293040455,5954.40078363208,6305.39180301552,6401.74089135074,6470.10353970142,6510.32543569655,5705.15502055161,6224.65677620519
"Yemen, Rep.",YEM,"GDP per capita, PPP (current international $)",NY.GDP.PCAP.PP.CD,2763.46984701973,2854.33784422356,2933.64125443561,3022.45206001359,3142.12214835668,3327.60961233354,3435.02144425114,3536.90485782444,3626.12552362315,3679.94902735897,3895.22361050089,3370.91518529756,3258.19267770991,3437.42953620876,..,..,..,..,..,..,..,..
Zambia,ZMB,"GDP per capita, PPP (current international $)",NY.GDP.PCAP.PP.CD,1730.22818160746,1808.27911513037,1861.4390871132,1968.25383880191,2095.53495343904,2242.10883207929,2409.24346618098,2587.9579491583,2742.9148709596,2909.72634230735,3136.3227975569,3267.40827777266,3357.73837143394,3506.39496177439,3463.42004527111,3352.52488464741,3322.57891790844,3395.47968550242,3508.31075600927,3515.38464373048,3361.97886896325,3627.53117821948
Zimbabwe,ZWE,"GDP per capita, PPP (current international $)",NY.GDP.PCAP.PP.CD,2237.3034600255,2305.77695684547,2120.32706993563,1781.1589970137,1710.7053798341,1654.89465807629,1632.78353041072,1600.06502647092,1331.94209359377,1486.26736696747,1804.03724752192,2080.61151065446,2349.02820700045,2522.03812492021,2561.72879486353,2615.09029925408,2724.45274642037,2331.78083283086,2457.3098590523,2296.84542884799,2101.80459702435,2333.97363227424
,,,,,,,,,,,,,,,,,,,,,,,,,
,,,,,,,,,,,,,,,,,,,,,,,,,
,,,,,,,,,,,,,,,,,,,,,,,,,
Data from database: World Development Indicators,,,,,,,,,,,,,,,,,,,,,,,,,
Last Updated: 12/18/2023,,,,,,,,,,,,,,,,,,,,,,,,,
Code,License Type,Indicator Name,Long definition,Source,Topic,Periodicity,Aggregation method,Statistical concept and methodology,License URL
NY.GDP.PCAP.PP.CD,CC BY-4.0,"GDP per capita, PPP (current international $)","This indicator provides per capita values for gross domestic product (GDP) expressed in current international dollars converted by purchasing power parity (PPP) conversion factor. 

GDP is the sum of gross value added by all resident producers in the country plus any product taxes and minus any subsidies not included in the value of the products. conversion factor is a spatial price deflator and currency converter that controls for price level differences between countries. Total population is a mid-year population based on the de facto definition of population, which counts all residents regardless of legal status or citizenship.","International Comparison Program, World Bank | World Development Indicators database, World Bank | Eurostat-OECD PPP Programme.",Economic Policy & Debt: Purchasing power parity,Annual,Weighted average,"Typically, higher income countries have higher price levels, while lower income countries have lower price levels (Balassa-Samuelson effect). Market exchange rate-based cross-country comparisons of GDP at its expenditure components reflect both differences in economic outputs (volumes) and prices. Given the differences in price levels, the size of higher income countries is inflated, while the size of lower income countries is depressed in the comparison. PPP-based cross-country comparisons of GDP at its expenditure components only reflect differences in economic outputs (volume), as PPPs control for price level differences between the countries. Hence, the comparison reflects the real size of the countries.

For more information on underlying GDP in current international dollar, please refer to the metadata for "GDP, PPP (current international $)" [NY.GDP.MKTP.PP.CD].
For more information on underlying population, please refer to the metadata for "total population [SP.POP.TOTL]. 
For the concept and methodology of PPP, please refer to the International Comparison Program (ICP)s website (https://www.worldbank.org/en/programs/icp).",https://datacatalog.worldbank.org/public-licenses#cc-by
